,0,1,2,3,4,5
0,0.153881462,0.064540712,-0.056207068,0.048240366,-0.093386281,0.375825153
1,0.065163314,-0.072150439,-0.177310293,-0.010228349,-0.168988371,0.30417248
2,0.04663306,-0.048205889,-0.201803357,-0.031042058,-0.239436457,0.185259925
3,0.066629211,-0.03310307,-0.186532551,-0.019533535,-0.241626048,0.204358812
4,0.092800654,-0.011449759,-0.151953342,-0.010049254,-0.252042547,0.17555107
5,0.080020691,-0.047839294,-0.225420679,-0.09375319,-0.300367211,0.125116264
6,0.012070401,-0.123343481,-0.258627202,-0.097511331,-0.332186513,0.055546292
7,0.079305049,-0.02788331,-0.149571049,-0.005419755,-0.186102895,0.235623273
8,0.062762129,-0.004387377,-0.13980862,-0.016625938,-0.27216241,0.116841469
9,0.096338355,0.031845992,-0.066137964,0.065042624,-0.194028513,0.219602552
10,0.141012002,0.090201591,-0.055167032,0.042003967,-0.232678177,0.147626394
11,0.078145591,0.015562915,-0.100026714,0.026610902,-0.182511908,0.257200801
12,0.111981707,0.034826388,-0.0791502,0.038565137,-0.214844569,0.203573086
13,0.101392925,0.004886937,-0.152247619,-0.000580869,-0.214475073,0.194682163
14,0.090106652,-0.004100376,-0.145605013,-0.026906237,-0.249970223,0.177498418
15,0.127286415,0.027252409,-0.08224312,0.083700373,-0.144204404,0.310146825
16,0.123606789,0.082364677,-0.086029112,0.061139701,-0.11714466,0.326166135
17,0.161960472,0.096224255,-0.049563554,0.101528216,-0.087825891,0.376045759
18,0.174496486,0.125973381,0.026247847,0.245342923,0.108175215,0.56680049
19,0.129715286,0.037423932,-0.124333556,0.04267215,-0.117291022,0.308847138
20,0.130294079,0.055242509,-0.080686938,0.047984273,-0.140840428,0.311556204
21,0.098120056,0.025197415,-0.154250305,-0.006536351,-0.224351111,0.194831606
22,0.124031881,0.041998105,-0.120681656,-0.038951722,-0.241937745,0.207593997
23,0.125663741,0.075743467,-0.055575889,0.060370269,-0.151137494,0.255978953
24,0.04961622,-0.011738238,-0.146482285,0.023019283,-0.200510056,0.231767561
25,0.082743502,0.056129161,-0.101809307,0.09336803,-0.103609625,0.332057499
26,0.085567317,0.041777408,-0.135644352,0.055931041,-0.160025626,0.276420162
27,0.136888732,0.043452918,-0.095435094,0.112186017,-0.040067824,0.4291072
28,0.064057511,-0.041568998,-0.256137841,-0.025854668,-0.160853282,0.273260152
29,0.072113979,-0.00466409,-0.143737995,0.042925675,-0.169908178,0.279033666
30,0.139262335,0.045173413,-0.108122259,0.091021971,-0.119411773,0.312935718
31,0.159880299,0.107130812,-0.042004309,0.098677959,-0.141192366,0.315995771
32,0.195725724,0.167288281,0.028951558,0.204763187,0.01289321,0.464089866
33,0.196675169,0.200114034,0.064384483,0.246688437,0.028371258,0.477466606
34,0.201103565,0.142194032,0.010012303,0.235253945,0.002712505,0.431023584
35,0.145985921,0.112321167,-0.010816546,0.212286802,-0.042655782,0.397809008
36,0.172305865,0.120068481,0.023460925,0.251632798,-0.015604088,0.434718124
37,0.235120354,0.262448645,0.159761861,0.43893568,0.245107767,0.698742907
38,0.207663241,0.172744324,0.029009037,0.316198539,0.174134947,0.643809761
39,0.207453145,0.199170186,0.093167529,0.346187038,0.168444308,0.656092848
40,0.146879886,0.105022116,-0.022007119,0.233390498,-0.010182012,0.43722231
41,0.101391497,0.058203496,-0.110859519,0.125562478,-0.124850327,0.286991912
42,0.066628825,0.000567435,-0.167895226,0.091164941,-0.146160684,0.302171455
43,0.105834731,0.09118921,-0.070965956,0.197725767,-0.000520703,0.437294398
44,0.045226949,-0.043645388,-0.288715066,0.063723044,-0.059986605,0.339129744
45,0.052465631,-0.02563989,-0.310960489,0.116564343,0.308122308,0.658872253
46,0.066496173,-0.02987361,-0.292677814,0.153631345,0.263248095,0.654315997
47,0.018385339,-0.13410746,-0.415356563,0.051019601,0.332880665,0.644018459
48,0.179618219,0.071910128,-0.0881554,0.396823586,0.444857342,0.750410477
49,0.078827838,-0.032766237,-0.279252264,0.205875228,0.320724221,0.573662262
50,0.06266578,-0.028627753,-0.263699224,0.235238521,0.340979723,0.571664298
51,0.060490318,-0.064154114,-0.311508106,0.156588436,0.191825758,0.450591119
52,0.049279728,-0.044517051,-0.314135728,0.166694305,0.179304656,0.397092851
53,0.064222802,-0.004153849,-0.207333722,0.257487295,0.229685726,0.516862316
54,0.094835831,0.055401248,-0.142302543,0.333538158,0.357496016,0.674812045
55,0.076137534,0.041517538,-0.234856022,0.233585443,0.243960484,0.529907207
56,0.088865224,0.0530231,-0.169430115,0.279003763,0.251727613,0.57503941
57,0.060460326,0.04017628,-0.224494681,0.204157468,0.166390296,0.492666788
58,0.073757907,0.030941473,-0.209120592,0.233694731,0.099475411,0.36267323
59,0.130644788,0.117259509,-0.096949504,0.334501981,0.228422304,0.553764463
60,0.070899653,0.034545575,-0.270973199,0.186387009,0.153926877,0.42650095
61,0.058598144,-0.006408394,-0.271329128,0.198072415,0.257794163,0.576403302
62,0.058534229,-0.090509205,-0.330601329,0.094270442,0.275020383,0.652564237
63,0.091854023,0.010617311,-0.192301734,0.268983279,0.455797732,0.860710832
64,0.167620556,0.180035129,0.004610909,0.463971773,0.591484077,1.035146354
65,0.152294027,0.112607532,-0.098195052,0.391862125,0.475885283,0.875430748
66,0.178866,0.117629204,-0.009170703,0.4661431,0.651350643,1.109088204
67,0.190565316,0.147297897,-0.002805776,0.460827818,0.629150537,1.084781296
68,0.163218129,0.130049078,-0.011794405,0.467891114,0.633470309,1.079175142
69,0.211050892,0.184674385,0.052396713,0.549736101,0.719867005,1.144178561
70,0.158656602,0.09691791,-0.046301026,0.427682898,0.637330904,1.069744793
71,0.162092421,0.161955165,0.00954423,0.503058642,0.663219462,1.083869236
72,0.168659293,0.123965045,-0.05170867,0.417932171,0.584176704,1.020573071
73,0.176389689,0.138388047,0.014934364,0.500613426,0.696325889,1.126416903
74,0.126261609,0.047247685,-0.152920446,0.30493357,0.536088586,0.990278953
75,0.147279966,0.111261665,-0.071540715,0.416094603,0.589083031,1.021688911
76,0.170096163,0.17484045,0.011554778,0.495370845,0.600596434,1.008733728
77,0.137970238,0.129923679,-0.047653621,0.420079647,0.564005995,1.010137298
78,0.135817667,0.134436095,-0.044662515,0.419625412,0.549947798,1.010680112
79,0.140385256,0.102048428,-0.151310073,0.305852277,0.479614996,0.893915905
80,0.134336638,0.130629404,-0.145200281,0.314134236,0.469720001,0.889509473
81,0.155084301,0.15443708,-0.0515696,0.365745053,0.591414773,1.039639794
82,0.195769157,0.119156652,-0.070519404,0.355928717,0.564040629,1.011531517
83,0.249346015,0.270452905,0.130292441,0.540249391,0.75169167,1.230016397
84,0.176039141,0.075709284,-0.106639403,0.292552785,0.548446919,1.02574113
85,0.157366722,0.061209885,-0.093130316,0.335510434,0.59461419,1.066726728
86,0.159082604,-0.018939255,-0.164594116,0.253302017,0.493610878,0.972491875
87,0.094045462,-0.033329017,-0.243467323,0.192705259,0.474851155,0.933449728
88,0.071774833,-0.066838105,-0.265847403,0.122047292,0.397314523,0.866291994
89,0.084040905,-0.031136231,-0.277938331,0.126866899,0.391045997,0.812111881
90,0.105208448,-0.025068587,-0.260225522,0.195326516,0.43364622,0.863742714
91,0.141377855,-0.023221708,-0.259043741,0.159176861,0.404841719,0.83652274
92,0.042770729,-0.129968361,-0.370164879,0.034861274,0.326620896,0.759696551
93,0.057670364,-0.097602455,-0.381072642,-0.013918686,0.26687979,0.69198829
94,0.113951166,-0.078366388,-0.343461524,0.02950777,0.278615103,0.716772622
95,0.134276975,0.03392152,-0.246202759,0.136489711,0.406128261,0.828335105
96,0.081172824,-0.106111159,-0.377483697,-0.024989507,0.310438767,0.737220144
97,0.115363187,-0.036748104,-0.268567781,0.097012418,0.468977727,0.869351234
98,0.085333214,-0.14151427,-0.361868215,-0.014620889,0.391384598,0.761679115
99,0.118095794,-0.098869426,-0.335658702,0.003564247,0.368530525,0.769115338
100,0.11068973,-0.098488278,-0.30509177,0.018703404,0.417501516,0.786738948
101,0.08749491,-0.07825594,-0.332921987,0.016223445,0.403488332,0.793693792
102,0.149260278,-0.065647371,-0.269153395,0.043179748,0.452893806,0.801233372
103,0.120373572,-0.083381465,-0.337568303,-0.023645451,0.338436353,0.743275865
104,0.157329001,-0.046030613,-0.264910515,0.115714603,0.486363094,0.852733262
105,0.10980841,-0.079646618,-0.299675301,0.068634382,0.448117248,0.835933622
106,0.105078579,-0.092585935,-0.387480504,-0.097573605,0.274408654,0.665497152
107,0.057970064,-0.124299083,-0.370923876,-0.073675907,0.328125982,0.753984204
108,0.075447366,-0.161496704,-0.450256407,-0.176947256,0.177209939,0.612856323
109,0.08830753,-0.124163482,-0.418781912,-0.122340782,0.267159581,0.677111141
110,0.045745761,-0.149845305,-0.439257661,-0.169836869,0.219990497,0.62040717
111,0.112917883,-0.022577811,-0.30922774,-0.120109497,0.304754314,0.706398108
112,0.116634615,-0.058786407,-0.345094318,-0.124278144,0.200544529,0.681645336
113,0.165065199,0.016239035,-0.231622072,0.035269876,0.333675286,0.818211857
114,0.136233015,-0.034850162,-0.294597715,-0.136497483,0.207279642,0.691486256
115,0.126949285,-0.033427426,-0.284897129,-0.108974336,0.275724602,0.732209484
116,0.083742872,-0.08367711,-0.354429164,-0.185227378,0.192640933,0.652770279
117,0.139497857,-0.030452735,-0.275847137,-0.097422383,0.258332568,0.725546249
118,0.14881256,-0.000569807,-0.260383794,-0.069920035,0.28662938,0.756619182
119,0.087176857,-0.068564906,-0.343784011,-0.143295114,0.240465185,0.676721502
120,0.076197815,-0.072311111,-0.342287356,-0.175539676,0.194271756,0.623142449
121,0.149754415,-0.075793248,-0.326674792,-0.239869798,0.097784141,0.589721757
122,0.228956402,0.1177533,-0.179662458,-0.033642304,0.308544372,0.768371849
123,0.170784163,0.056507228,-0.266887032,-0.063002629,0.297469652,0.716864958
124,0.188078451,0.07486394,-0.213568675,-0.030126631,0.308673531,0.755250311
125,0.24329311,0.174616773,-0.122859215,0.093136354,0.435234192,0.850832414
126,0.208261119,0.120799498,-0.164993588,0.058087746,0.375164719,0.798065921
127,0.204847143,0.089683161,-0.228762737,-0.052318269,0.269152997,0.707168663
128,0.194456419,0.074206532,-0.249831892,-0.113046355,0.213509513,0.66404155
129,0.183497992,0.009873227,-0.308562701,-0.122413596,0.167964417,0.619260209
130,0.212523006,0.087287105,-0.266770792,-0.067553346,0.173366057,0.622647304
131,0.225943816,0.107844528,-0.230778932,-0.016198126,0.191111184,0.648265239
132,0.2270792,0.125439129,-0.175086572,0.025778788,0.267120318,0.73591625
133,0.248728496,0.058506391,-0.219469138,0.06272033,0.214234993,0.668530138
134,0.299016475,0.132595182,-0.120915148,0.16551298,0.276261663,0.707648622
135,0.269679278,0.105021502,-0.193063629,0.050376347,0.185675318,0.617230844
136,0.223476933,0.068035862,-0.246284848,-0.003681995,0.15367,0.59310941
137,0.319232228,0.184775964,-0.04203308,0.254798085,0.33504087,0.783230792
138,0.297052226,0.168460731,-0.079473971,0.217735693,0.27705054,0.676596218
139,0.358743493,0.306061705,0.016090556,0.328331371,0.375553864,0.785107197
140,0.348110726,0.172418529,-0.02838803,0.287515186,0.368858906,0.786457089
141,0.316959391,0.107749416,-0.141623898,0.14767438,0.249693989,0.680250643
142,0.300512078,0.105744351,-0.100818484,0.179895862,0.310076354,0.734611435
143,0.298058948,0.12782072,-0.124916633,0.141175731,0.270464593,0.716587683
144,0.32031064,0.123080804,-0.076628711,0.225268957,0.304429939,0.735793145
145,0.343484698,0.27396993,0.014714479,0.345351137,0.386598449,0.782790074
146,0.35333727,0.289563659,0.084370803,0.399887405,0.497771606,0.929596329
147,0.365693871,0.284705094,0.051180273,0.379563131,0.406305191,0.809387493
148,0.286931465,0.202843903,-0.024962049,0.31290724,0.42180417,0.858309974
149,0.355053521,0.290963583,0.022588725,0.349961317,0.400960191,0.814524084
150,0.331266807,0.218776109,-0.041057254,0.270643453,0.328691422,0.731958915
151,0.320281347,0.16446779,-0.063620789,0.262660408,0.338639749,0.760597268
152,0.347854236,0.253823986,0.041695171,0.386234857,0.410156639,0.82006223
153,0.283477717,0.147699516,-0.094876416,0.227507807,0.343209925,0.78308443
154,0.310638032,0.209316884,-0.055064471,0.267491297,0.338275819,0.747554569
155,0.32949967,0.293742795,0.032012086,0.375097657,0.423785765,0.821602958
156,0.36566706,0.326399291,0.067997561,0.394350565,0.417372381,0.823739426
157,0.33405228,0.263288276,0.007984615,0.348941578,0.400452488,0.824907983
158,0.337171748,0.308923277,0.051094334,0.376435874,0.431313695,0.854476738
159,0.315469917,0.21806892,-0.059318559,0.257302657,0.294999417,0.703892042
160,0.323655673,0.225280456,0.001568297,0.350912603,0.439004598,0.854463456
161,0.301998261,0.241147056,-0.007484361,0.324276268,0.40130895,0.849198671
162,0.313577549,0.192105297,-0.063523803,0.249617837,0.308794757,0.738750571
163,0.294679728,0.237884065,0.014610034,0.332473545,0.45395114,0.89861308
164,0.292045493,0.243769485,-0.048631468,0.279407358,0.396915584,0.843658371
165,0.263492903,0.157686219,-0.130448704,0.203895248,0.320435545,0.751670619
166,0.247973599,0.174168285,-0.113778818,0.193746813,0.312923199,0.770511146
167,0.295307308,0.254144458,-0.061245833,0.239982889,0.336815725,0.765344102
168,0.305036868,0.21350582,-0.046740628,0.276019386,0.36680234,0.813795296
169,0.29589613,0.265092717,-0.015759348,0.260083766,0.394311458,0.826038084
170,0.324558462,0.272203653,0.008322585,0.30576122,0.436400589,0.891958673
171,0.296816928,0.273290497,-0.013062159,0.326618628,0.439750027,0.868151473
172,0.326549487,0.323794505,0.051636814,0.366913028,0.478607855,0.929828971
173,0.347063362,0.376006013,0.169812296,0.513832183,0.514022211,0.921524243
174,0.39443416,0.423188517,0.225965057,0.569428319,0.5891863,0.985699198
175,0.30607597,0.337000923,0.160420214,0.494104703,0.303803338,0.677953377
176,0.189046178,0.149965308,-0.0147807,0.246156506,0.00738292,0.388580535
177,0.176556845,0.169083419,0.046231471,0.389622408,0.150313608,0.53111587
178,0.29340195,0.335605005,0.211761656,0.475673805,0.28324674,0.684229235
179,0.27271106,0.306149382,0.179780666,0.457404828,0.20708646,0.618597202
180,0.326183535,0.346960938,0.227533436,0.489941656,0.271340865,0.686740641
181,0.271911506,0.371392494,0.210646898,0.41790035,0.158127395,0.576597007
182,0.294487853,0.345611785,0.142560956,0.357291942,0.11885949,0.514493146
183,0.278114638,0.330095371,0.224918205,0.510691196,0.303877872,0.694397758
184,0.157670201,0.141925455,0.058644556,0.278830733,0.009410603,0.422865797
185,0.176166969,0.206229236,0.107212559,0.311902545,0.01098715,0.449702743
186,0.1696334,0.131528214,0.006161182,0.213990977,-0.061968445,0.34312082
187,0.18472106,0.183656603,0.075696497,0.294302817,0.012054118,0.402956447
188,0.177100009,0.138162854,-0.023860531,0.249778999,-0.011654006,0.395501245
189,0.261214102,0.296428609,0.089509202,0.376579687,0.180606752,0.589558836
190,0.257642154,0.28650627,0.14062423,0.429306965,0.189991435,0.582689432
191,0.309460268,0.336742386,0.186759964,0.479244137,0.247742593,0.622217142
192,0.261888764,0.32281016,0.173072435,0.477197349,0.228400965,0.631944758
193,0.219475434,0.202239261,0.08119856,0.354201794,0.105295249,0.509772477
194,0.056689793,0.014943751,-0.054104709,0.148306639,-0.156514285,0.208196791
195,0.060983302,0.025718957,-0.102380752,0.046813641,-0.230044172,0.119749868
196,0.086485905,-0.037515074,-0.121229092,0.074192007,-0.184299626,0.183030046
197,0.099837785,0.05440425,-0.025408367,0.180758305,-0.113953567,0.266194726
198,0.09814133,0.072812272,-0.049826218,0.16362875,-0.124764018,0.245979405
199,0.116784153,0.051849113,-0.086490589,0.119505144,-0.184538713,0.182023765
200,0.078297506,0.063619339,-0.070538818,0.072609614,-0.230656421,0.104089112
201,0.064241537,0.027872911,-0.078797434,0.070904963,-0.252049757,0.085338872
202,0.084307463,0.054633052,-0.060702232,0.113631361,-0.182370464,0.188911738
203,-0.034670059,-0.075591202,-0.185994834,-0.032498808,-0.358570914,-0.009104033
204,0.031392189,-0.015662841,-0.047650013,0.02278395,-0.265817655,0.093363144
205,0.022460305,-0.038761204,-0.07575278,0.062093918,-0.207771086,0.181889992
206,0.022267609,-0.203978731,-0.506856213,-0.280704632,0.094367441,0.63773964
207,0.106421506,0.288758041,-0.098627015,0.144992378,0.203002337,0.774225482
208,-0.134145039,-0.40811272,-0.660913359,-0.419082096,-0.123439806,0.432597332
209,-0.190829933,-0.44595416,-0.630337673,-0.260509527,0.037764421,0.552498062
210,0.14992739,0.238503587,0.028180049,0.311646869,0.773613247,1.30559831
211,0.09975455,0.141771755,-0.070227099,0.247624155,0.667867262,1.198966735
212,0.260095871,0.410427439,0.164594232,0.437380323,0.891427301,1.394935502
213,0.388299184,0.389407262,0.199226178,0.357371746,0.850592288,1.341755075
214,0.394620921,0.43789821,0.233556062,0.408777349,0.884364105,1.359040937
215,0.407230239,0.427138988,0.168837576,0.348993764,0.779027407,1.251084311
216,0.447288868,0.400321931,0.105434909,0.277554578,0.630899044,1.082777211
217,0.361832265,0.264806448,-0.043034016,0.190167078,0.470132407,0.926507866
218,0.354625979,0.247419856,-0.030251776,0.181609097,0.481739117,0.960664116
219,0.440031172,0.427223956,0.159683399,0.30305142,0.717052263,1.160479354
220,0.416888719,0.420770896,0.305559289,0.534304604,0.977567839,1.454622483
221,0.425017399,0.333781081,0.218053943,0.44429599,0.875422752,1.341214583
222,0.403145473,0.301363066,0.18763072,0.409990865,0.844414911,1.309288556
223,0.331763108,0.364821572,0.251257901,0.685129443,0.951887127,1.435358553
224,0.276284328,0.238684235,-0.033245519,0.356437963,0.471212863,0.938137551
225,0.272139727,0.246675595,-0.00989259,0.414228131,0.453956139,0.879538711
226,0.193191117,0.239603682,-0.056308967,0.417544593,0.487262906,0.900668098
227,0.188066893,0.198751541,-0.093869123,0.361599276,0.462097992,0.915610136
228,-0.136944967,-0.253232572,-0.627100006,-0.2683523,-0.228995079,0.204668299
229,-0.017790401,-0.210047506,-0.425068488,0.019549008,0.248083361,0.743072337
230,0.076229089,-0.229137816,-0.017772755,0.422366846,0.790416083,1.262976899
231,-0.139272576,-0.452061431,-0.342112885,0.083870075,0.390443195,0.882049054
232,-0.10463755,-0.431854869,-0.212977172,0.207076927,0.491792173,0.945511258
233,-0.14410882,-0.497205111,-0.308797748,0.103962241,0.373094653,0.829443122
234,-0.22070882,-0.537951526,-0.536045904,-0.114608478,-0.11734357,0.22169903
235,0.126545414,-0.106436798,0.276104914,0.750531982,1.037833465,1.427663723
236,-0.192717718,-0.525202528,-0.207381086,0.077787971,0.073733312,0.381281065
237,-0.168840746,-0.472959148,-0.131866005,0.18603767,0.21979989,0.492833528
238,-0.193340403,-0.399383976,-0.138960518,0.043930557,-0.134843188,0.212022479
239,-0.218547634,-0.435209814,-0.135369679,0.032784204,-0.128086783,0.157309227
240,-0.095821786,-0.16410912,0.197286839,0.232342056,0.062757569,0.359062628
241,-0.120537017,-0.234223284,0.042273875,0.160903146,-0.041786408,0.29051635
242,-0.02418639,-0.061760919,0.058734539,0.041865203,-0.211457823,0.116382477
243,0.002881567,-0.083976432,0.1090814,0.066636492,-0.235272907,0.06659378
244,0.001860822,-0.060217172,0.010381527,-0.025109467,-0.280043933,0.049193696
245,-0.022848248,-0.077255038,0.044009993,0.027715233,-0.280900764,0.06193394
246,0.007740313,-0.013081326,0.113485136,0.077551441,-0.200933544,0.102645004
247,-0.065990828,-0.147602736,0.016367216,0.013405646,-0.226376446,0.093497618
248,-0.058132533,-0.112643834,0.015811645,0.041707235,-0.286554919,0.000898532
249,-0.115178807,-0.228084918,0.121657046,0.111459874,-0.041784821,0.280347008
250,-0.211294608,-0.32492027,0.04077594,0.03333179,-0.161888599,0.177784025
251,-0.228843137,-0.381653105,0.008124392,-0.061084917,-0.179205092,0.141154086
252,-0.293822616,-0.448609992,-0.037206116,-0.079108357,-0.115884419,0.183118953
253,-0.294709811,-0.504361171,-0.117197684,-0.100938486,-0.102235716,0.212941126
254,-0.333769427,-0.548642819,-0.180860221,-0.163180508,-0.151792883,0.14444462
255,-0.357078065,-0.531034134,-0.161610344,-0.196398823,-0.048770804,0.323557425
256,-0.323171443,-0.55157082,-0.2354184,-0.19708022,-0.104339145,0.264491121
257,-0.301334396,-0.468214635,-0.117030693,0.029602126,0.348976625,0.80476481
258,-0.241048574,-0.506366188,-0.175273692,0.012471196,0.354080953,0.815326217
259,-0.110416136,-0.344343401,0.010525535,0.268887278,0.624993286,1.105522243
260,-0.237483958,-0.502671608,-0.1366638,0.011339426,0.131867551,0.586191541
261,-0.132854647,-0.290125246,-0.10614944,-0.123238762,-0.369966654,-0.004675418
262,-0.180933003,-0.337989975,-0.176816141,-0.207394476,-0.408547507,-0.015764181
263,-0.194332933,-0.351577231,-0.128267797,-0.156635092,-0.312808949,0.090761334
264,-0.216114649,-0.514944162,-0.280439825,-0.31893238,-0.349273412,0.085025739
265,-0.156019725,-0.423563095,-0.165961311,-0.240900787,-0.22980783,0.218506696
266,-0.234922941,-0.518833046,-0.231654934,-0.229661865,-0.208424935,0.208424691
267,-0.221061927,-0.467105768,-0.178397008,-0.245792533,-0.252810826,0.159605995
268,-0.198482941,-0.475269566,-0.183905011,-0.212789665,-0.247477215,0.19339858
269,-0.214317066,-0.471624608,-0.298118598,-0.29760756,-0.251324283,0.216370806
270,-0.003874502,-0.214785343,-0.16539133,-0.112300908,-0.304017404,0.111343807
271,-0.059378488,-0.224957736,-0.273742591,-0.011213571,-0.244254731,0.200505927
272,-0.057853012,-0.340968732,-0.422116665,-0.137794632,-0.252890575,0.190740497
273,-0.0473025,-0.240418904,-0.393547388,-0.112083698,-0.288886548,0.13599213
274,0.018628205,-0.160098614,-0.281568231,-0.002107968,-0.190264189,0.206363966
275,-0.030107673,-0.199438501,-0.355414195,-0.117035565,-0.316216237,0.12138128
276,-0.088528978,-0.313255863,-0.505449842,-0.251937698,-0.444584781,-0.032540208
277,-0.050160313,-0.159284193,-0.350351117,-0.074498567,-0.287832165,0.131760884
278,-0.049005029,-0.190760645,-0.353767655,-0.030328922,-0.280222349,0.108587438
279,-0.043963234,-0.186510444,-0.333023079,-0.029700446,-0.2495569,0.184896854
280,-0.082284827,-0.278770147,-0.426696125,-0.109884666,-0.271741173,0.16460376
281,0.030652912,-0.096314528,-0.215437053,0.027974406,-0.222001805,0.228703837
282,-0.051960704,-0.204372641,-0.344392791,-0.069393578,-0.340558222,0.069731183
283,0.034604347,-0.069262034,-0.225540238,0.041941641,-0.240805248,0.160554874
284,0.012440975,-0.129115875,-0.235828003,0.029858483,-0.20470426,0.219489455
285,0.01124339,-0.052081373,-0.119036016,0.02830236,-0.283576858,0.140775252
286,0.048471852,-0.073743162,-0.076542091,-0.00746073,-0.307570541,0.116267505
287,0.004690706,-0.080094472,-0.056272486,-0.0104241,-0.284228344,0.103040306
288,0.008558782,-0.081422485,-0.067433114,0.016556178,-0.329513434,0.038284867
289,0.031850578,-0.042477324,-0.031029248,0.045401495,-0.24949619,0.17473166
290,-0.012608338,-0.07376858,-0.073558623,0.033280482,-0.272223227,0.109640754
291,0.009057102,-0.082144777,-0.102164958,0.002429802,-0.268279044,0.121368504
292,-0.02562035,-0.11575144,-0.143125645,-0.116695174,-0.441318611,-0.073543305
293,-0.014148216,-0.101217594,-0.069580354,-0.062319647,-0.33608739,0.021651837
294,-0.009969012,-0.086874085,-0.094704772,-0.071666912,-0.363478827,-0.034249491
295,-0.01586342,-0.102825125,-0.110503522,-0.079743675,-0.372951723,-0.025212725
296,-0.031729321,-0.10528073,-0.065029029,-0.014529067,-0.298024968,0.043870228
297,0.00171162,-0.040279328,-0.058966847,-0.044685891,-0.375645881,-0.023608835
298,0.069935706,-0.026413162,-0.038930272,6.87E-05,-0.29727241,0.048841628
299,-0.0071204,-0.071734278,-0.063986708,-0.049327381,-0.362855525,-0.01460034
300,0.0032466,-0.095068848,-0.110441812,-0.077705887,-0.384816891,-0.05311434
301,-0.001126672,-0.053942067,-0.050970857,-0.087936021,-0.381139025,-0.015603931
302,-0.011596048,-0.007723406,0.010969468,0.076746392,-0.238599037,0.140427015
303,0.044435473,-0.046911601,0.001811866,0.039498743,-0.232687657,0.122865232
304,0.01147038,-0.046876257,-0.055780709,-0.003207052,-0.30986825,0.071893957
305,0.017637722,-0.102463157,-0.065981985,-0.012339639,-0.344514712,0.023935352
306,0.019535662,-0.031046327,-0.005996323,0.077184499,-0.222153213,0.157193518
307,-0.00301245,-0.154688205,-0.082257888,-0.000364869,-0.309612374,0.044872686
308,-0.012054126,-0.107417078,-0.136529261,-0.124995997,-0.420680978,-0.047037925
309,-0.024582519,-0.103420797,-0.079698533,-0.048932326,-0.382278673,0.008162938
310,0.005806435,-0.081201462,-0.047827472,-0.063724874,-0.397949802,-0.046807741
311,0.053226647,-0.000449797,0.052842574,0.068902576,-0.245590921,0.118570782
312,-0.012551525,-0.159549515,-0.116837195,-0.104723596,-0.396702167,-0.048671711
313,-0.029655866,-0.099845865,-0.103922915,-0.148447166,-0.448103824,-0.057043758
314,0.040938791,-0.0397633,0.03597709,0.107715592,-0.151725871,0.177817559
315,-0.01113219,-0.071254728,-0.005813879,0.002312914,-0.28002235,0.066566723
316,0.034862048,-0.030957549,0.012281621,-0.013981567,-0.306241743,0.035366184
317,0.011616042,-0.082668597,-0.068607528,-0.05535326,-0.361859831,0.002551504
318,0.021992861,-0.081769734,-0.098950008,-0.060926623,-0.366136298,0.012506123
319,0.002785995,-0.064056206,-0.104853195,-0.05514341,-0.360360983,0.021587009
320,0.057357286,-0.025484896,-0.054629744,-0.068279577,-0.410044262,-0.067175507
321,0.01349339,-0.097712874,-0.098022309,-0.076354498,-0.401481768,-0.063560961
322,-0.014975386,-0.09859346,-0.082203997,-0.001620353,-0.287638658,0.078246319
323,0.022527422,-0.01241732,0.003500882,-0.002149767,-0.309957384,0.056408324
324,0.018450063,-0.066217941,-0.034343348,0.044250445,-0.247171244,0.150183389
325,0.003916763,-0.118119241,-0.050374765,-0.016918742,-0.330339833,0.001337927
326,0.032773971,-0.076736922,-0.011751953,0.027828991,-0.281033203,0.102658101
327,0.048552096,-0.057435188,-0.037445726,-0.034443979,-0.307363058,0.062087338
328,0.025835616,-0.042750773,-0.000679304,0.078499024,-0.223551116,0.174841696
329,0.007161688,-0.061662122,-0.04070599,0.054655121,-0.288259087,0.080819486
330,-0.001343281,-0.075607341,-0.106650401,0.06048146,-0.256087921,0.118167397
331,0.04977194,-0.043248939,-0.160752651,0.008907603,-0.294619263,0.118467763
332,0.047125942,-0.070457614,-0.121612704,-0.025347716,-0.367319607,0.025264653
333,0.006514709,-0.017281047,-0.088051588,0.046534383,-0.281756534,0.095262081
334,0.018610493,-0.025669244,-0.093959109,0.02033568,-0.283999062,0.109855499
335,0.029729493,-0.110164139,-0.11184667,0.050724847,-0.246857713,0.137973106
336,0.004185052,-0.121413258,-0.245381482,0.038815684,-0.234986627,0.179757309
337,-0.002745497,-0.151569174,-0.270062335,-0.059320365,-0.336143991,0.088209921
338,0.029446282,-0.189603208,-0.319578754,-0.056529745,-0.355876357,0.025269926
339,0.06636312,-0.067695785,-0.198841605,0.041598091,-0.294895366,0.073877632
340,0.068008766,-0.074503172,-0.174389968,0.075117889,-0.228344763,0.130797356
341,0.030493537,-0.048052296,-0.136910518,0.080194592,-0.198481355,0.185661951
342,-0.009093364,-0.160726175,-0.240995202,-0.034102064,-0.300903876,0.074491523
343,0.013057928,-0.070348863,-0.115392325,0.063649548,-0.257466903,0.13478089
344,0.048123389,-0.091824628,-0.193592036,-0.045126923,-0.372505744,-0.013506445
345,0.024434186,-0.042904569,-0.123704763,0.033693698,-0.30198553,0.035139611
346,-0.001991179,-0.079669949,-0.178626594,0.068524703,-0.252611463,0.118755298
347,-0.019634144,-0.133838842,-0.261373765,-0.009905225,-0.279909759,0.134241162
348,0.024540807,-0.094372025,-0.218108274,-0.018691045,-0.319396793,0.072761025
349,-0.029168537,-0.13689949,-0.172904824,0.048984952,-0.216892923,0.163621523
350,-0.01324531,-0.122469858,-0.223964279,-0.00861603,-0.281908719,0.116749669
351,-0.032339908,-0.174834853,-0.223782142,0.023419448,-0.261403397,0.112145338
352,-0.008485127,-0.111150155,-0.167643623,0.076900729,-0.191251504,0.197544227
353,0.011066767,-0.075311147,-0.220226786,0.024755706,-0.25086628,0.148747956
354,-0.0083402,-0.176047747,-0.297796686,-0.025644827,-0.287768994,0.106839174
355,-0.003596491,-0.140969854,-0.335187577,-0.090853616,-0.387533587,0.001267821
356,0.023274235,-0.089714442,-0.245414171,0.030664874,-0.217604555,0.182168563
357,0.008811073,-0.167098027,-0.31367942,-0.057064886,-0.336777503,0.012176178
358,0.053255696,0.011720402,-0.110580736,0.168798199,-0.085931974,0.334693176
359,0.015388472,-0.13850778,-0.287519137,-0.016736217,-0.242067947,0.13318808
360,0.006672993,-0.141279302,-0.264854122,0.058507535,-0.189426736,0.175046006
361,-0.019203136,-0.130527255,-0.261029343,0.018956564,-0.263642828,0.140550686
362,0.027659553,-0.062678623,-0.196057608,0.06782241,-0.191367451,0.175484276
363,0.029827576,-0.025859058,-0.183372505,0.059049225,-0.25052169,0.124137743
364,0.004745993,-0.104941251,-0.231551708,0.041490714,-0.251321746,0.090796957
365,0.044034603,0.017848746,-0.121107098,0.113858204,-0.190046591,0.176184586
366,0.037948706,-0.018485024,-0.105873104,0.072776409,-0.248212382,0.09551761
367,0.064836163,0.005201108,-0.130230393,-5.55E-05,-0.348044397,-0.005804277
368,-0.003782334,-0.064064504,-0.191367678,0.016028425,-0.264995151,0.116998751
369,0.0321889,-0.019060187,-0.135228631,0.123754121,-0.179138269,0.178901448
370,-0.005809156,-0.061912109,-0.159084886,0.071792988,-0.256533297,0.082484094
371,0.013443641,-0.090459828,-0.166918132,0.000629597,-0.264507946,0.1043225
372,-0.006362072,-0.109832687,-0.176172529,0.000721428,-0.344169309,0.000841983
373,0.06226668,0.027367541,-0.028651087,0.168672889,-0.142184136,0.211808955
374,-0.006500194,-0.136687146,-0.192295629,-0.123408118,-0.407834961,-0.069136895
375,0.037250056,0.001392416,-0.016176004,0.027415554,-0.281827203,0.082016363
376,0.063608874,-0.021375848,-0.028998403,-0.02744774,-0.30778282,0.061986742
377,0.039482451,-0.01520975,-0.032970049,0.029428858,-0.311742545,0.000741648
378,0.045586177,0.01190219,-0.075066883,0.017471357,-0.314274045,0.063512102
379,0.022443278,-0.067426917,-0.051059064,-0.007794138,-0.315979027,0.063505945
380,0.017135088,-0.050131759,-0.043584787,-0.027844614,-0.305179379,0.041313336
381,0.04117476,-0.038863987,0.008567505,0.087141226,-0.17143471,0.211676653
382,0.08542383,0.056481704,0.048960999,0.080543573,-0.22394557,0.128775596
383,-0.013119684,-0.024022563,-0.054489201,-0.023318738,-0.314683739,0.058082708
384,0.039944794,-0.06214382,-0.098049581,-0.001381966,-0.304836866,0.071385106
385,0.03544991,-0.093633021,-0.151289932,0.076900679,-0.230844135,0.14982044
386,0.044391107,-0.056768786,-0.14345156,0.070841797,-0.244892093,0.146186545
387,0.02010241,-0.108155655,-0.214910967,0.053545006,-0.240335051,0.163428682
388,-0.014987977,-0.156758722,-0.292876327,-0.064437553,-0.370140154,0.046201862
389,-0.02191643,-0.160804595,-0.256931829,-0.010136752,-0.310885202,0.102289821
390,-0.05450582,-0.187249561,-0.320948386,-0.099813723,-0.450590006,-0.060895462
391,-0.001386889,-0.136756232,-0.231361783,0.032226107,-0.311576741,0.057449752
392,0.034155722,-0.067875943,-0.168959712,0.086078942,-0.240100957,0.164391127
393,0.060056815,-0.083115185,-0.179711652,0.048385645,-0.272287469,0.12560638
394,0.003618344,-0.117797626,-0.26761309,-0.120524331,-0.447360713,-0.056086104
395,0.02721402,-0.070642411,-0.190669606,-0.045424733,-0.369271187,0.032671251
396,0.025090914,-0.028847012,-0.079786943,0.130427137,-0.223491119,0.161441519
397,0.099547539,0.062764165,-0.038787288,0.123070261,-0.186533782,0.222893354
398,0.081117727,0.029178211,0.019072286,0.16788003,-0.126150123,0.280859509
399,0.10762708,0.034427796,-0.065574714,0.054095046,-0.233844469,0.175025774
400,0.041132985,-0.046388331,-0.089158229,0.086724312,-0.231638036,0.193047643
401,0.038804747,-0.049344097,-0.121070732,0.0077393,-0.325035757,0.08266075
402,0.01928679,-0.082269794,-0.144458453,0.001161341,-0.326595117,0.058706607
403,0.027393306,-0.058244413,-0.15527679,0.096597803,-0.226248699,0.203948056
404,0.049729087,-0.066307602,-0.138422191,0.105379255,-0.177782555,0.27099566
405,0.016694117,-0.0479772,-0.100945318,0.003619995,-0.275184057,0.107198094
406,0.074310121,0.018173288,-0.040938679,-0.015034004,-0.253527105,0.168295282
407,0.058576692,-0.040890191,-0.110222834,-0.071168266,-0.326858166,0.04842995
408,0.0721276,0.012346374,-0.03920255,0.009364991,-0.255685273,0.133004821
409,0.067377456,0.000728584,-0.010872688,0.017890944,-0.26143504,0.117061993
410,0.0046407,-0.100113659,-0.118203462,-0.092112713,-0.376829104,-0.008504487
411,0.056477585,-0.031977531,-0.022399135,0.067714009,-0.164196604,0.223021691
412,-0.010583686,-0.085886652,-0.085224455,-0.065031282,-0.30101029,0.096746755
413,0.027435518,-0.059077393,-0.066871287,-0.042247431,-0.33464533,0.038305331
414,0.018665402,-0.039446608,-0.046269647,-0.029371688,-0.286425346,0.099266423
415,0.051427152,-0.000196553,0.023207799,0.053915324,-0.202064579,0.171784509
416,0.02964641,-0.08162644,-0.07530963,0.004026464,-0.257263066,0.134200578
417,0.026978323,-0.069470607,-0.119935982,-0.105260924,-0.412781492,-0.055783246
418,0.061809766,0.011254915,0.020321628,0.069622892,-0.150660242,0.23902547
419,0.088807159,0.016584356,0.020876392,0.006087677,-0.299910657,0.076124819
420,0.069278601,0.048753508,0.071237219,0.066441887,-0.18658238,0.209232284
421,0.063826665,0.015782875,0.039816862,0.033068841,-0.195182087,0.216417207
422,0.047814529,-0.101575462,-0.134910715,-0.126054654,-0.407985447,-0.049451707
423,0.076242461,-0.006411908,-0.025678045,-0.038243503,-0.315676052,0.073358348
424,0.074349128,0.005117167,0.023935209,0.034948306,-0.258012694,0.12173949
425,-0.001906864,-0.078413282,-0.069597992,-0.10753652,-0.427006181,-0.06288333
426,0.076553473,-0.009116848,-0.001150873,-0.020495599,-0.270790188,0.142651606
427,0.013114577,-0.074922019,-0.052277569,-0.051522959,-0.314007205,0.0899089
428,0.020902222,-0.084937143,-0.086373628,-0.070830504,-0.341212162,0.085075815
429,0.003997283,-0.082118957,-0.078800392,-0.07297956,-0.308105844,0.104686711
430,0.041196075,-0.094615698,-0.052600558,-0.066660456,-0.351354122,0.028709807
431,0.044183661,-0.016798251,-0.044015938,-0.020137388,-0.293710417,0.098241267
432,0.029807896,-0.021795377,0.013915132,-0.007339741,-0.276895413,0.116123137
433,0.039866738,-0.036269247,-0.002082862,0.033587353,-0.203600362,0.164676435
434,0.091753601,0.036243085,0.02107423,0.065068129,-0.155979332,0.22060849
435,0.063246073,-0.01313107,-0.092032602,-0.080792882,-0.315923668,0.102347372
436,-4.60E-06,-0.10932863,-0.137683367,-0.123452459,-0.308485627,0.145643936
437,0.037396372,-0.009592182,0.003756306,0.118197331,-0.082410729,0.404130066
438,0.023081367,-0.053801133,-0.059533478,-0.018692097,-0.236229064,0.244775781
439,-0.011578553,-0.046197119,-0.145616034,-0.132401445,-0.35608718,0.128378142
440,0.01931938,-0.007103081,-0.065842062,-0.073688341,-0.272817087,0.219791726
441,-0.118193307,-0.197936836,-0.366984957,-0.24585908,-0.298482321,0.248239203
442,-0.003360785,-0.072557992,-0.13869466,-0.087865417,-0.361260576,0.091775454
443,-0.010840776,-0.100558625,-0.133940911,-0.096381851,-0.345633842,0.100055274
444,0.060143253,0.051862509,-0.006115415,0.056110617,-0.223057882,0.203628702
445,-0.002023894,-0.073805672,-0.117965622,-0.072097284,-0.328430689,0.106362441
446,0.061608044,0.055463528,0.029925226,0.135969948,-0.119128233,0.32100004
447,0.01938222,-0.035969336,-0.116542536,-0.012984607,-0.228699876,0.220601622
448,0.016458026,-0.030939848,-0.070946664,-0.054553398,-0.294559978,0.121260862
449,0.064769608,0.023217784,-0.032031928,-0.029867249,-0.285545222,0.124826421
450,0.022969633,-0.057072339,-0.08103149,-0.056844216,-0.323427759,0.045775222
451,0.044124285,-0.014623709,-0.051677243,0.012300635,-0.269509906,0.087811707
452,0.059257835,0.045438146,0.011546733,0.076289027,-0.164772625,0.193857989
453,0.038963417,0.032808297,0.010661915,0.06254339,-0.194131848,0.139391444
454,0.035168157,0.041639688,0.037480678,0.050661395,-0.224528109,0.144147457
455,-0.006058517,-0.125641465,-0.212103843,-0.187692058,-0.440116542,-0.094651817
456,0.024446223,-0.011500952,-0.042637153,-0.005458064,-0.246570225,0.155441822
457,0.031982617,-0.016762885,-0.016650384,0.015444061,-0.25748825,0.0909704
458,-0.015788171,0.010892942,0.015309469,0.069964786,-0.209083288,0.125155324
459,0.020385096,-0.006190253,-0.026422787,0.042104532,-0.19375812,0.16450491
460,0.048466517,0.009778791,-0.014788599,-0.003869168,-0.214810279,0.185176817
461,0.015808186,-0.040518919,-0.067074732,-0.010998416,-0.234881741,0.145864903
462,0.057060745,0.008339632,-0.040254588,-0.021768527,-0.289310847,0.082392748
463,0.076318319,0.022156517,0.012002059,0.021280815,-0.235509758,0.176410173
464,0.093847172,0.028321193,0.011064091,0.014865265,-0.25526693,0.120268623
465,0.081367363,0.036363152,0.029658211,0.056623375,-0.190314487,0.203367787
466,0.009053139,0.001782832,0.002910585,-0.006939228,-0.29180914,0.085341207
467,0.011562717,-0.030105544,-0.053757741,-0.055467101,-0.33053337,0.048809235
468,0.079013866,0.023225795,-0.001702218,0.015466466,-0.251601322,0.087622728
469,0.017321915,-0.046369148,-0.056535153,0.032032822,-0.217786971,0.135301228
470,0.070086752,0.048750207,0.035102775,0.058226233,-0.176115476,0.193212837
471,0.097600773,0.093687088,0.125868423,0.132621585,-0.110018627,0.270112425
472,0.063066267,0.029911553,0.052803271,0.030942016,-0.214759719,0.155636452
473,0.095813695,0.08907618,0.104564116,0.10263736,-0.170439595,0.157904644
474,0.073701816,0.05808519,0.056221084,0.095601988,-0.171429971,0.190066965
475,0.083076407,0.078292887,0.10965426,0.126190999,-0.137329925,0.254103465
476,0.082204154,0.071553705,0.061404682,0.036831622,-0.256675558,0.110721222
477,0.115176474,0.085966773,0.132162722,0.171477394,-0.098929697,0.258876038
478,0.062945489,0.02757038,0.043808148,0.05582275,-0.221041233,0.171918139
479,0.068324694,0.017097803,0.003494038,0.061155371,-0.197782105,0.145573652
480,0.069556566,0.022334265,-0.027936714,-0.020251134,-0.28490629,0.063826032
481,0.046963661,0.006949707,0.025445498,0.100210806,-0.148242464,0.209577964
482,0.055395846,-0.001404177,0.016565979,0.041204687,-0.25958001,0.091505498
483,0.050247006,0.004666395,0.037933963,0.052461165,-0.215229319,0.175798181
484,0.04990638,0.031906269,0.050392227,0.091135629,-0.193173227,0.172904139
485,0.115168867,0.099064969,0.080323015,0.087268607,-0.187836521,0.191512977
486,0.035983882,-0.031214298,-0.03090219,-0.029799407,-0.354491171,-0.007930982
487,0.10939866,0.069955813,0.06322133,0.018524981,-0.292128139,0.05661945
488,0.070119935,0.036988964,0.023176712,-0.009871098,-0.275764349,0.113670205
489,0.114852698,0.14116563,0.104113706,0.113167595,-0.226760906,0.119886215
490,0.112358805,0.128237949,0.148533883,0.117325637,-0.157849028,0.246670863
491,0.109654527,0.091990694,0.163383175,0.185794894,-0.09577848,0.2915799
492,0.095457871,0.132786307,0.13797101,0.129119086,-0.186034899,0.194560768
493,0.038155674,0.047507016,0.034249744,0.023794144,-0.2468075,0.161425684
494,0.059022472,0.039841969,0.053851204,0.023491021,-0.266094122,0.135565305
495,0.031580232,-0.009174645,-0.001201357,-0.012846925,-0.341608215,0.052972259
496,0.103867632,0.116119317,0.100894755,0.078799035,-0.223761988,0.165751951
497,0.05055298,0.050929731,0.045147505,0.039576852,-0.287346719,0.087691742
498,0.059580988,0.102042954,0.116452205,0.115699033,-0.15635179,0.242548458
499,0.05446449,0.060661362,0.105092385,0.085414318,-0.236322799,0.173727826
500,0.039020886,0.044635786,0.040998741,0.094601795,-0.20873096,0.210112688
501,0.095768103,0.120322212,0.150085617,0.108871257,-0.178176673,0.230986947
502,0.029648208,0.031443198,0.040591829,0.074027525,-0.241786028,0.126027534
503,0.038731527,0.043750205,0.065179548,0.051067295,-0.242890902,0.145066121
504,0.110063562,0.173444314,0.189505107,0.20152129,-0.082835535,0.342052981
505,0.05815815,0.089635716,0.046474046,0.043073177,-0.27594466,0.115267868
506,0.082931218,0.158917762,0.156520337,0.17196031,-0.151702648,0.260289792
507,0.094893699,0.197358905,0.12395858,0.172821295,-0.115382687,0.326526267
508,0.099634954,0.170767056,0.140017303,0.194882947,-0.136998048,0.27251209
509,0.049647007,0.087287615,0.074117516,0.117271712,-0.180233085,0.244235071
510,0.095790762,0.14569496,0.060581315,0.121913671,-0.15133002,0.30047747
511,0.117693335,0.221991157,0.144883431,0.21617053,-0.080070292,0.332214573
512,0.055000218,0.10500312,0.066298293,0.103009826,-0.184648335,0.250156123
513,0.05443201,0.093507714,0.058427389,0.097659487,-0.219614499,0.207195463
514,0.067791346,0.105656873,0.025996229,0.080874514,-0.213807306,0.219650253
515,0.110756997,0.21950621,0.144796403,0.179585553,-0.100220084,0.344536432
516,0.082913244,0.112268276,0.033795945,0.110523904,-0.207421361,0.214183088
517,0.079594117,0.06401825,0.041213447,0.095210836,-0.16969313,0.300301225
518,0.046979838,0.112026657,0.074915654,0.116884868,-0.200036296,0.250557932
519,0.085803829,0.167814722,0.12875011,0.179130444,-0.114840144,0.30947936
520,0.047877031,0.112086195,0.037834151,0.123347674,-0.113353333,0.363542494
521,0.106975201,0.212313998,0.220642458,0.257709636,-0.043723212,0.386359152
522,0.0226909,0.047961692,0.023396383,0.134309422,-0.201976823,0.214861232
523,0.049147206,0.110372524,0.111769387,0.182123539,-0.137155412,0.277711006
524,0.077392035,0.153873709,0.136587522,0.215970378,-0.051700425,0.385701073
525,0.095861446,0.177648585,0.185632211,0.255830046,-0.031255396,0.427182542
526,0.080856505,0.180595694,0.146514327,0.165672619,-0.102832994,0.339887993
527,0.06682968,0.12764002,0.079105855,0.155572215,-0.125127244,0.300794434
528,0.086412135,0.129103258,0.120866187,0.246390776,-0.05498453,0.344899037
529,0.074175465,0.149305163,0.165936136,0.201069766,-0.087886706,0.315977871
530,0.018410978,0.043134954,0.035951947,0.048389213,-0.271348112,0.172334578
531,-0.008604571,-0.009509238,0.031300133,0.004048476,-0.309740123,0.160456196
532,-0.031728762,-0.02994326,-0.007506243,0.002176254,-0.305069515,0.14670545
533,-0.023289867,-0.037568149,0.04412684,0.0450523,-0.274391215,0.170358877
534,-0.017037205,-0.012094915,0.080258326,0.117298609,-0.15043656,0.318729716
535,-0.025775876,-0.028902575,0.056454659,0.015464787,-0.250561193,0.201779465
536,-0.036799213,-0.041976198,0.027713148,0.050206148,-0.241202631,0.204333781
537,-0.008070914,0.006338646,0.09974983,0.060633597,-0.221537803,0.232181245
538,-0.003325661,0.007812367,0.094997999,0.080984126,-0.198225785,0.284219962
539,-0.039621061,-0.057883746,-0.014233565,0.015525481,-0.272367768,0.166944606
540,0.00955075,0.032041458,0.082333748,0.103051023,-0.14179,0.31409565
541,-0.057650444,-0.108460661,-0.011818883,-0.017644583,-0.320477372,0.110809145
542,-0.019618474,-0.039354328,-0.038697493,-0.055346631,-0.370939105,0.067118452
543,0.005218856,0.010358642,0.078513059,0.118257376,-0.179970049,0.251698427
544,0.007826149,0.027229803,0.161022886,0.184975458,-0.062858573,0.38451086
545,0.029585935,0.033165232,0.06372387,0.012315623,-0.274447775,0.172667581
546,0.011896931,0.022697842,0.066249144,0.100507786,-0.164569427,0.282603145
547,-0.060289797,-0.057526851,0.052229464,0.081671443,-0.18793957,0.245001593
548,0.00041981,0.015066251,0.097147631,0.088866394,-0.202882863,0.220552082
549,0.016962828,0.011703924,0.106162613,0.108087667,-0.190963825,0.233250969
550,0.051644699,0.047073424,0.11720635,0.082237656,-0.232919857,0.186171236
551,0.054006501,0.05031842,0.098779885,0.148163173,-0.189141594,0.224362151
552,0.066263569,0.041594693,0.045955258,0.096183821,-0.233289497,0.181409872
553,0.057957833,0.052017678,0.036808219,0.09111167,-0.178806323,0.251919789
554,0.04009329,0.008436403,0.025872323,-0.021158241,-0.304430299,0.140408886
555,0.001661013,-0.024066082,0.033190799,0.063076499,-0.213812676,0.211279147
556,0.052534856,0.077534755,0.116139458,0.123679342,-0.176998082,0.24135617
557,0.049918898,0.052194609,0.075736123,0.065950452,-0.225917416,0.210779399
558,0.040668158,0.05669205,0.061075087,0.064571492,-0.262492966,0.146332362
559,0.072817577,0.062676552,0.074260919,0.101863938,-0.16794539,0.282386749
560,0.088750462,0.139048017,0.099569634,0.150360048,-0.137885424,0.273036782
561,0.012717021,0.020918529,-0.01980902,0.072053662,-0.187099803,0.254869418
562,0.000995979,0.000258983,-0.045303979,0.036141237,-0.246145345,0.19206059
563,0.03495339,0.088475879,0.052603014,0.119752872,-0.113941685,0.33534919
564,0.086916332,0.17599415,0.129466206,0.214656103,-0.055167844,0.381883979
565,-0.037280826,-0.031473135,-0.013614049,-4.16E-05,-0.220852372,0.253508338
566,-0.051508774,-0.065382513,-0.016627987,-0.007137832,-0.210573363,0.297838299
567,-0.056374959,-0.067080903,-0.032704407,-0.059561721,-0.226821804,0.263181464
568,-0.005753866,0.008099932,0.060207067,0.051981643,-0.208768369,0.262211041
569,-0.053260501,-0.073697095,-0.096339806,-0.031299878,-0.216574326,0.279307202
570,-0.095635591,-0.143629231,-0.227309418,-0.202041904,-0.315461815,0.211143167
571,0.005722629,0.053369815,-0.047339672,0.034057811,-0.043791482,0.479496725
572,-0.045687551,-0.047070381,-0.185070741,-0.047226998,-0.106712374,0.411367037
573,-0.171140098,-0.309199056,-0.425483745,-0.308018983,-0.366898459,0.161477595
574,-0.16234974,-0.316396484,-0.407333401,-0.30557876,-0.215060718,0.341791334
575,-0.162432145,-0.343557962,-0.415881064,-0.263017219,-0.177619779,0.369213114
576,-0.231354661,-0.44485175,-0.440397036,-0.400531854,-0.452930439,0.078839214
577,-0.147497015,-0.271395912,-0.170555324,-0.118068964,-0.242101133,0.268968729
578,-0.049843927,-0.038798763,-0.13174569,-0.019769246,-0.187429654,0.306523235
579,-0.024680474,-0.031948976,-0.117758007,-0.037612251,-0.215439551,0.267775405
580,-0.016495474,0.013426534,-0.031794913,0.0455409,-0.113271029,0.388700152
581,-0.127790672,-0.199553215,-0.308176062,-0.192895566,-0.318616262,0.185265837
582,-0.043718059,-0.038964705,-0.013384831,0.008961437,-0.191564344,0.332255639
583,-0.05455548,-0.112618956,-0.103250428,-0.073125042,-0.282873592,0.204738903
584,0.036749495,0.00839155,-0.087419879,-0.083957114,-0.380191568,0.012508012
585,0.034462278,0.049816223,0.008559329,0.040399557,-0.25293076,0.105168792
586,0.036403108,-0.038444937,-0.064690613,-0.043544502,-0.320791366,0.035142855
587,0.022352279,-0.041860426,-0.022484696,0.026666167,-0.254785232,0.126119486
588,0.074266174,0.050379165,0.019070781,0.026583112,-0.263073813,0.101173798
589,0.054174338,0.025544321,0.02002803,0.112551218,-0.187623559,0.169201797
590,0.036614342,0.017271666,0.011026777,0.033945654,-0.17589662,0.219324325
591,0.02771168,-0.033217911,-0.06379576,-0.023276893,-0.264276371,0.142139553
592,0.019805403,-0.070487197,-0.084681039,-0.005603248,-0.275730789,0.083757198
593,0.015122332,0.029940813,0.042959031,0.038619766,-0.212107914,0.192743436
594,0.049975096,0.024294222,-0.008701973,0.077622107,-0.19128713,0.156626712
595,0.006454955,-0.013389409,0.019717975,0.027085918,-0.291523777,0.086777829
596,0.084535069,0.077180643,0.0591748,0.121018235,-0.172113677,0.179382423
597,0.075684723,0.056176173,-0.019275081,-0.009074363,-0.294866451,0.058336592
598,0.017385234,-0.013410191,-0.06168867,-0.080396081,-0.336284363,0.05137967
599,0.064230488,-0.007132483,-0.062268603,-0.002599764,-0.292624454,0.0550356
600,0.063722419,0.053566981,0.020572492,0.026440898,-0.213475735,0.154954754
601,0.065519378,-0.006060525,-0.039494023,0.050293778,-0.201212722,0.152575313
602,0.045358323,0.014049207,-0.015648922,0.008145245,-0.245441725,0.102480788
603,0.048206216,-0.049055742,-0.061397314,-0.024150568,-0.333944062,-0.016396917
604,0.04105063,0.035832203,-0.017996514,0.080564716,-0.16290778,0.174336381
605,0.039026078,-0.006586134,-0.067008692,-0.015029598,-0.285868008,0.059765395
606,0.049294314,0.018610591,-0.024644434,0.04036464,-0.219570862,0.144492867
607,0.043835539,0.002610825,-0.038670148,-0.007446951,-0.231859792,0.147873783
608,0.071194282,0.024683644,0.001586885,-0.030734632,-0.287614998,0.05898808
609,0.091765142,0.054497732,0.038738187,0.011978499,-0.23444282,0.10776338
610,-0.001476493,-0.063780546,-0.112266649,-0.053949942,-0.327464866,-0.008476254
611,0.020197736,-0.022978468,-0.08530317,-0.052003669,-0.331494099,0.020469482
612,0.044014916,-0.009084868,-0.047456791,0.009401868,-0.214960742,0.172774206
613,0.07946728,0.022766688,0.056782966,0.102569964,-0.183641989,0.133116117
614,0.028291728,-0.009925304,0.014453131,0.092562865,-0.160661097,0.203186691
615,0.066434455,2.84E-05,-0.062707834,-0.092402439,-0.329556283,0.008949045
616,0.023223925,-0.061206235,-0.129228403,-0.128877975,-0.360001759,-0.00124203
617,0.023792276,-0.01968796,-0.042685183,0.005116443,-0.250770613,0.104727847
618,0.056858524,-0.007551246,-0.015390647,-0.008030733,-0.23946397,0.110269788
619,0.03703023,0.002174562,-0.060267875,-0.000464537,-0.229808776,0.154725502
620,0.070181096,0.001252599,0.000641787,-0.02792341,-0.312188181,0.036201141
621,0.011227872,-0.03573785,-0.119543647,-0.091655253,-0.324442133,0.033306478
622,0.031989993,-0.062853274,-0.001968024,0.037412859,-0.23723564,0.116175078
623,0.057592458,-0.018479855,-0.06256553,-0.07036352,-0.316618352,0.030636758
624,0.078330945,-0.013783962,-0.052460601,-0.070625211,-0.296387249,0.086432175
625,0.084828009,0.012592433,-0.020455588,0.003095507,-0.240571296,0.120486555
626,0.059549324,-0.062889802,-0.081088283,-0.098091726,-0.327792092,0.040501767
627,0.044835577,-0.039805171,0.003335927,0.040306284,-0.207487671,0.171377031
628,0.065065645,-0.051956595,-0.106979972,-0.121707799,-0.372833827,-0.002103884
629,0.029983078,-0.069471273,-0.065003749,-0.019070816,-0.25864842,0.130013361
630,0.026834014,0.015995485,0.02590164,0.016855776,-0.226278509,0.154907483
631,0.032403029,-0.061228821,-0.064083589,-0.016774925,-0.309322702,0.080344281
632,0.045967622,0.009421543,-0.031610469,0.028990217,-0.223324502,0.173699569
633,0.053601713,-0.012754195,-0.062231911,0.008574875,-0.22533656,0.15823972
634,-0.01800409,-0.070463268,-0.123316851,-0.095076058,-0.334616659,0.068377297
635,0.026896958,-0.112212509,-0.113401763,-0.117425039,-0.384929629,-0.047713007
636,0.031972316,-0.019392418,-0.011273226,0.024185599,-0.227194352,0.155907841
637,0.074435828,0.02061814,0.02029611,0.025313464,-0.201377216,0.208416238
638,0.083198669,-0.004264121,-0.026838336,-0.035673857,-0.291945129,0.067057859
639,0.042267641,-0.010661796,0.006550118,0.002160489,-0.276939129,0.093179238
640,0.055330599,0.000160706,-0.030051041,0.0143236,-0.242165351,0.149581927
641,0.022349096,-0.112647719,-0.102027406,-0.157807555,-0.389750116,0.019313459
642,0.059134392,0.040088541,0.04894856,0.098653895,-0.146940184,0.235826136
643,0.040821063,-0.027828546,-0.027210071,0.003706131,-0.240547425,0.133130155
644,0.068867112,-0.059078335,-0.045924202,0.031415128,-0.185415612,0.185112789
645,0.065321764,-0.026849375,-0.036600582,-0.080442729,-0.350743753,-0.001243815
646,0.055148804,-0.001934289,-0.044878861,-0.037722393,-0.286127698,0.082998867
647,0.049165298,-0.044925724,-0.034169132,-0.014667288,-0.294649357,0.06434073
648,-0.042521294,-0.136169217,-0.152284672,-0.141265424,-0.390848768,-0.010963197
649,0.0269573,-0.073963261,-0.062715513,-0.046188848,-0.297880059,0.088310037
650,0.090883335,0.054249338,0.057365797,0.156695371,-0.059619054,0.333878232
651,0.114107442,0.077089183,0.092061358,0.117347368,-0.099950033,0.284629722
652,0.049202275,0.010700813,0.03487101,0.069041176,-0.199673012,0.175054623
653,0.081805608,0.014078606,-0.018305939,0.048901586,-0.167736762,0.246619853
654,0.06326298,0.017033634,0.03925998,0.051590329,-0.220842517,0.157156931
655,0.014260578,-0.090568819,-0.141234914,-0.11217128,-0.351565444,0.062248189
656,0.007737657,-0.09861206,-0.111960076,-0.072562425,-0.317982919,0.100850604
657,0.011447425,-0.155951899,-0.111609409,-0.088158186,-0.301524329,0.116310414
658,0.058832495,-0.006855928,-0.02461559,4.09E-05,-0.220607955,0.163789659
659,0.07637171,-0.033114127,-0.000265972,-0.040459698,-0.263133172,0.104039828
660,0.029028739,-0.037420012,-0.085267264,-0.078017644,-0.373166874,0.0212286
661,0.088996152,0.009716272,-0.003606376,0.019826036,-0.260022523,0.124763659
662,0.031965486,-0.050035842,-0.056538115,0.00299393,-0.267268828,0.092756477
663,-0.013484309,-0.126833539,-0.131436319,-0.113132178,-0.397489916,0.028484849
664,-0.037803583,-0.172367487,-0.151166715,-0.135336376,-0.434610624,-0.057594577
665,0.004028922,-0.082544869,-0.050204513,-0.001537708,-0.271099192,0.118305684
666,0.016323587,-0.090690298,-0.12305491,-0.08199408,-0.321883209,0.116827764
667,0.038830007,-0.097791308,-0.08004676,-0.045734598,-0.269983927,0.150965985
668,-0.001493044,-0.090648267,-0.177569998,-0.146898997,-0.400849199,0.018270645
669,0.028760204,-0.103127159,-0.127756341,-0.096082334,-0.326359693,0.096389528
670,0.036216677,-0.075905544,-0.106697362,-0.097065152,-0.32728716,0.092570452
671,0.040926387,-0.051880056,-0.070400082,-0.019919507,-0.279800059,0.10483108
672,0.040167626,-0.036718012,-0.04915368,-0.023093527,-0.254605336,0.153254307
673,0.056138147,-0.081544595,-0.06186075,-0.03261795,-0.235377166,0.172211797
674,-0.013779593,-0.127301822,-0.141045012,-0.075704643,-0.311672377,0.085502521
675,0.007303074,-0.061564502,-0.088322714,-0.049874757,-0.290938537,0.106617863
676,0.007102444,-0.079666978,-0.129417303,-0.116892629,-0.348347335,0.040206335
677,0.025758106,-0.059403853,-0.028082499,0.007423545,-0.182794332,0.24057759
678,0.0040252,-0.134334572,-0.161283142,-0.095472222,-0.27889514,0.144118233
679,0.030344744,-0.104012787,-0.124066973,-0.090061232,-0.323407254,0.063928634
680,0.007690812,-0.100238787,-0.134325816,-0.084717051,-0.278192764,0.134221827
681,0.075703519,-0.075265671,-0.10561858,-0.11698561,-0.347050971,0.057752406
682,0.012924573,-0.10662306,-0.10513641,-0.085215299,-0.307134581,0.100297891
683,0.000698784,-0.134422613,-0.167195704,-0.073888067,-0.272533541,0.120107078
684,0.012869442,-0.100084619,-0.125438943,-0.079228402,-0.333345891,0.050267749
685,0.004596105,-0.13589117,-0.118713664,-0.113058944,-0.355770101,-0.010904526
686,0.029640585,-0.054274076,-0.096301833,-0.039173055,-0.221424863,0.213536638
687,0.042760574,-0.107447693,-0.106270212,-0.087177634,-0.267803725,0.157143193
688,0.025479979,-0.06676693,-0.076924067,0.000548946,-0.230868185,0.118303428
689,-0.024606917,-0.080748928,-0.157530694,-0.190824419,-0.408956005,-0.035665912
690,0.009587535,-0.131998839,-0.150435527,-0.119651854,-0.318553578,0.081902046
691,0.022089016,-0.047047155,-0.111405018,-0.049897655,-0.234645409,0.155330578
692,0.015841873,-0.113927875,-0.143360505,-0.107933894,-0.318598746,0.063358252
693,-0.023848668,-0.162111643,-0.230609247,-0.175494509,-0.345832421,0.032791951
694,0.004181882,-0.112978633,-0.139143913,-0.091563191,-0.278168324,0.110852819
695,-0.001566769,-0.099276426,-0.135289313,-0.085259212,-0.256040545,0.117538158
696,-0.006805604,-0.109438065,-0.137655586,-0.136671204,-0.373400735,0.001181925
697,0.038956395,-0.030882417,-0.065993665,-0.080432085,-0.290307018,0.074345911
698,0.009960664,-0.043471767,-0.06342537,0.002903952,-0.18297341,0.187520281
699,0.014942206,-0.13753436,-0.130690683,-0.138000139,-0.367072522,-0.0286045
700,0.017055953,-0.082224194,-0.099543527,-0.044188052,-0.264140279,0.072600665
701,0.046588266,-0.006545985,-0.031303009,0.05024804,-0.130641989,0.261944076
702,0.021948657,-0.160942417,-0.133843532,-0.088211722,-0.28538401,0.068206713
703,0.03413037,-0.025203056,-0.043571645,0.020819275,-0.232965922,0.128092433
704,-0.02180669,-0.109459667,-0.147424224,-0.137862115,-0.361149494,-0.017493035
705,0.042892389,0.018747025,0.041882864,0.111312865,-0.069788785,0.301225612
706,0.04455048,-0.040212309,-0.033140253,-0.022634551,-0.220180627,0.139768261
707,0.007215288,-0.102973965,-0.181824156,-0.14271772,-0.359353123,-0.059091931
708,0.026244397,-0.048455128,-0.027315436,-0.020705734,-0.220173549,0.167112629
709,-0.044265735,-0.121724412,-0.099391093,-0.047667599,-0.26006134,0.09957669
710,-0.010698543,-0.093413941,-0.123960037,-0.161946795,-0.40351812,-0.066862527
711,0.020711014,-0.018393231,-0.029061952,-0.008089872,-0.219288495,0.147564725
712,0.028419791,0.000746786,-0.01472162,-0.024934879,-0.244343028,0.109892454
713,0.001764506,-0.064252922,-0.090786074,-0.042162244,-0.248407388,0.110935996
714,0.044094335,-0.037473571,-0.094215319,-0.103045556,-0.311854378,0.052410166
715,0.070234154,0.017315365,0.006844551,0.081936832,-0.128170618,0.239547788
716,0.054487608,-0.048428078,-0.098439915,-0.091691368,-0.316418652,0.003408658
717,-0.018774609,-0.11607349,-0.106125622,-0.047785478,-0.232711636,0.138369612
718,-0.011168504,-0.089828483,-0.114134245,-0.096169164,-0.348690419,0.016060676
719,0.002357305,-0.081939866,-0.146988325,-0.13149482,-0.308364645,0.072627775
