,date,ORC58,ORC62
0,20110909,,1332.23
1,20110916,,1308.49
2,20110923,,1326.5
3,20110930,,1310.47
4,20111007,,1310.21
5,20111014,,1328.31
6,20111021,,1280.39
7,20111028,,1246.71
8,20111104,,1030.99
9,20111111,,967.8
10,20111118,,955.0
11,20111125,,1014.76
12,20111202,,1006.58
13,20111209,,1025.81
14,20111216,,1013.27
15,20111223,,1008.64
16,20111230,,1004.99
17,20120106,,988.61
18,20120113,,1023.83
19,20120120,,1010.86
20,20120203,,1035.51
21,20120210,,1052.11
22,20120217,,1033.99
23,20120224,,1018.17
24,20120302,,1056.18
25,20120309,,1038.52
26,20120316,,1069.2
27,20120323,,1047.05
28,20120330,,1023.45
29,20120406,,1081.26
30,20120413,,1070.49
31,20120420,,1090.51
32,20120427,,1113.81
33,20120504,,1106.5
34,20120511,,1085.52
35,20120518,,1130.89
36,20120525,,1087.43
37,20120601,,1036.85
38,20120608,,989.7
39,20120615,,1006.82
40,20120622,,1027.8
41,20120629,,993.84
42,20120706,,1022.33
43,20120713,,1027.48
44,20120720,,1019.08
45,20120727,,990.73
46,20120803,,987.04
47,20120810,,902.75
48,20120817,,919.63
49,20120824,,864.29
50,20120831,,835.74
51,20120907,,811.04
52,20120914,,761.7
53,20120921,,754.36
54,20120928,,773.22
55,20121012,,804.82
56,20121019,,822.18
57,20121026,,842.46
58,20121102,,836.04
59,20121109,,868.42
60,20121116,,840.47
61,20121123,,873.77
62,20121130,,900.09
63,20121207,,849.52
64,20121214,,881.82
65,20121221,,908.67
66,20121228,,925.45
67,20130104,,913.91
68,20130111,,968.6
69,20130118,,1058.35
70,20130125,,1029.41
71,20130201,,1107.03
72,20130208,,1075.53
73,20130215,,1166.71
74,20130222,,1109.2
75,20130301,,1132.38
76,20130308,,1139.24
77,20130315,,1081.41
78,20130322,,1104.39
79,20130329,,1029.41
80,20130405,,1005.02
81,20130412,,1012.66
82,20130419,,1037.43
83,20130426,,1027.26
84,20130503,,1020.09
85,20130510,,1032.37
86,20130517,,1032.27
87,20130524,,984.72
88,20130531,,969.63
89,20130607,,922.53
90,20130614,,905.54
91,20130621,,897.4
92,20130628,,894.89
93,20130705,,886.98
94,20130712,,887.8
95,20130719,,872.47
96,20130726,,913.49
97,20130802,,838.98
98,20130809,,940.28
99,20130816,,946.09
100,20130823,,979.04
101,20130830,,978.38
102,20130906,,988.72
103,20130913,,995.1
104,20130920,,997.79
105,20130927,,941.45
106,20131011,,990.93
107,20131018,,992.42
108,20131025,,1003.27
109,20131101,,958.34
110,20131108,,993.8
111,20131115,,982.61
112,20131122,,961.81
113,20131129,,974.37
114,20131206,,959.92
115,20131213,,981.07
116,20131220,,1013.77
117,20131227,,999.07
118,20140102,,949.52
119,20140103,,954.85
120,20140106,,953.9
121,20140107,,950.78
122,20140108,,949.16
123,20140109,,939.95
124,20140110,,936.19
125,20140113,,931.64
126,20140114,,927.12
127,20140115,,924.39
128,20140116,,920.53
129,20140117,,914.51
130,20140120,,909.65
131,20140121,,905.56
132,20140122,,894.16
133,20140123,,874.17
134,20140124,,877.89
135,20140126,,883.14
136,20140127,,879.88
137,20140128,,879.61
138,20140129,,876.83
139,20140130,,876.21
140,20140207,,872.13
141,20140208,,865.62
142,20140210,,860.91
143,20140211,,858.18
144,20140212,,854.48
145,20140213,,851.75
146,20140214,,854.13
147,20140217,,861.92
148,20140218,,864.68
149,20140219,,870.33
150,20140220,,868.82
151,20140221,,868.43
152,20140224,,863.92
153,20140225,,860.74
154,20140226,,849.0
155,20140227,,836.15
156,20140228,,831.58
157,20140303,,830.22
158,20140304,,830.9
159,20140305,,828.73
160,20140306,,824.14
161,20140307,,821.31
162,20140310,,812.22
163,20140311,,792.18
164,20140312,,751.39
165,20140313,,756.33
166,20140314,,762.93
167,20140317,,774.38
168,20140318,,769.61
169,20140319,,769.44
170,20140320,,771.64
171,20140321,,764.46
172,20140324,,773.35
173,20140325,,778.52
174,20140326,,782.5
175,20140327,,789.87
176,20140328,,789.4
177,20140331,,807.25
178,20140401,,819.39
179,20140402,,816.81
180,20140403,,815.66
181,20140404,,812.04
182,20140408,,816.01
183,20140409,,835.82
184,20140410,,842.69
185,20140411,,841.19
186,20140414,,833.1
187,20140415,,828.7
188,20140416,,825.34
189,20140417,,834.84
190,20140418,,828.6
191,20140421,,822.04
192,20140422,,812.86
193,20140423,,811.55
194,20140424,,808.82
195,20140425,,815.16
196,20140428,,798.42
197,20140429,,799.42
198,20140430,,776.98
199,20140504,,769.31
200,20140505,,772.12
201,20140506,,775.41
202,20140507,,776.5
203,20140508,,764.23
204,20140509,,750.6
205,20140512,,755.86
206,20140513,,753.1
207,20140514,,746.93
208,20140515,,753.98
209,20140516,,741.11
210,20140519,,732.05
211,20140520,,724.63
212,20140521,,727.13
213,20140522,,730.29
214,20140523,,723.84
215,20140526,,729.91
216,20140527,,730.38
217,20140528,,713.67
218,20140529,,710.76
219,20140530,,695.37
220,20140603,,680.05
221,20140604,,696.44
222,20140605,,695.15
223,20140606,,697.47
224,20140609,,694.15
225,20140610,,691.98
226,20140611,,686.58
227,20140612,,681.94
228,20140613,,669.0
229,20140616,,662.38
230,20140617,,662.89
231,20140618,,662.25
232,20140619,,659.7
233,20140620,,668.0
234,20140623,,678.04
235,20140624,,677.15
236,20140625,,677.35
237,20140626,,694.83
238,20140627,,687.56
239,20140630,,685.7
240,20140701,,689.62
241,20140702,,697.73
242,20140703,,701.28
243,20140704,,704.66
244,20140707,602.52,703.63
245,20140708,602.91,710.54
246,20140709,604.18,702.66
247,20140710,604.71,704.16
248,20140711,605.48,707.16
249,20140714,610.31,712.96
250,20140715,612.64,714.15
251,20140716,612.75,716.87
252,20140717,609.49,713.03
253,20140718,605.62,700.16
254,20140721,608.72,700.24
255,20140722,604.34,698.23
256,20140723,600.9,694.3
257,20140724,597.59,690.19
258,20140725,597.87,690.46
259,20140728,598.76,697.34
260,20140729,599.19,699.39
261,20140730,600.18,694.95
262,20140731,596.59,695.38
263,20140801,598.65,692.57
264,20140804,600.23,698.05
265,20140805,602.85,699.5
266,20140806,602.17,697.45
267,20140807,600.73,696.44
268,20140808,598.03,694.85
269,20140811,599.02,693.27
270,20140812,595.21,688.81
271,20140813,592.69,683.19
272,20140814,587.93,679.32
273,20140815,591.32,682.76
274,20140818,591.26,678.01
275,20140819,587.15,677.67
276,20140820,581.87,670.97
277,20140821,582.61,672.17
278,20140822,576.25,669.37
279,20140825,573.93,667.0
280,20140826,570.66,664.46
281,20140827,567.19,658.59
282,20140828,564.03,652.49
283,20140829,561.57,652.35
284,20140901,560.2,652.25
285,20140902,560.82,654.9
286,20140903,557.35,644.43
287,20140904,544.27,634.56
288,20140905,538.66,628.19
289,20140909,537.86,626.91
290,20140910,539.36,626.52
291,20140911,534.78,622.33
292,20140912,536.59,624.22
293,20140915,542.74,631.2
294,20140916,545.27,634.42
295,20140917,547.78,635.89
296,20140918,541.1,630.84
297,20140919,534.04,623.6
298,20140922,527.11,610.86
299,20140923,524.04,611.17
300,20140924,523.97,611.14
301,20140925,519.34,607.3
302,20140926,519.6,609.81
303,20140928,519.88,611.14
304,20140929,511.41,599.08
305,20140930,519.8,597.77
306,20141008,516.42,599.31
307,20141009,517.76,604.85
308,20141010,518.63,605.8
309,20141011,518.77,606.41
310,20141013,530.46,622.25
311,20141014,533.83,627.64
312,20141015,531.59,623.3
313,20141016,524.3,616.75
314,20141017,522.2,614.48
315,20141020,533.28,619.09
316,20141021,531.46,617.45
317,20141022,531.07,616.32
318,20141023,529.45,613.57
319,20141024,531.76,615.53
320,20141027,526.06,610.34
321,20141028,524.97,607.63
322,20141029,522.91,604.23
323,20141030,522.81,604.89
324,20141031,519.93,599.58
325,20141103,518.5,594.04
326,20141104,512.42,591.5
327,20141105,511.04,584.16
328,20141106,503.72,577.97
329,20141107,502.49,577.07
330,20141110,503.94,577.48
331,20141111,502.29,575.06
332,20141112,500.02,574.44
333,20141113,498.67,570.36
334,20141114,499.8,570.83
335,20141117,499.73,567.76
336,20141118,491.97,557.77
337,20141119,479.41,547.08
338,20141120,474.93,542.22
339,20141121,473.97,542.13
340,20141124,470.75,538.67
341,20141125,468.03,534.62
342,20141126,464.81,532.83
343,20141127,466.93,537.2
344,20141128,464.55,534.97
345,20141201,465.81,535.98
346,20141202,464.55,533.91
347,20141203,466.29,535.3
348,20141204,472.7,541.34
349,20141205,472.92,541.7
350,20141208,470.11,537.51
351,20141209,469.33,536.47
352,20141210,464.55,532.59
353,20141211,463.19,531.87
354,20141212,465.4,534.66
355,20141215,464.14,533.09
356,20141216,459.64,529.97
357,20141217,458.93,529.71
358,20141218,456.35,524.04
359,20141219,458.52,527.07
360,20141222,453.89,521.73
361,20141223,443.73,512.46
362,20141224,444.1,513.32
363,20141225,444.19,513.62
364,20141226,445.65,513.55
365,20141229,451.29,519.95
366,20141230,464.62,531.72
367,20141231,468.79,540.13
368,20150104,471.17,542.23
369,20150105,466.55,537.89
370,20150106,474.94,548.01
371,20150107,473.59,545.3
372,20150108,471.11,544.21
373,20150109,467.97,542.68
374,20150112,463.41,536.77
375,20150113,458.67,533.35
376,20150114,455.23,528.54
377,20150115,459.03,530.78
378,20150116,457.63,528.21
379,20150119,456.3,526.62
380,20150120,454.46,522.81
381,20150121,442.93,508.38
382,20150122,441.93,506.37
383,20150123,439.11,503.29
384,20150126,439.91,507.83
385,20150127,434.38,503.24
386,20150128,435.16,503.92
387,20150129,437.26,506.1
388,20150130,432.48,500.18
389,20150202,430.72,496.13
390,20150203,429.39,495.34
391,20150204,428.3,494.65
392,20150205,426.39,492.42
393,20150206,429.41,493.72
394,20150209,429.97,494.57
395,20150210,431.99,496.28
396,20150211,432.81,497.27
397,20150212,435.26,498.59
398,20150213,440.34,505.88
399,20150216,444.15,512.59
400,20150217,443.26,510.32
401,20150225,435.13,501.02
402,20150226,437.6,505.43
403,20150227,434.74,503.84
404,20150302,435.04,504.29
405,20150303,435.44,504.39
406,20150304,431.91,500.32
407,20150305,424.89,490.1
408,20150306,420.25,486.16
409,20150309,419.83,485.64
410,20150310,417.38,482.29
411,20150311,412.28,476.1
412,20150312,412.12,476.26
413,20150313,412.85,475.23
414,20150316,415.69,477.46
415,20150317,411.39,473.38
416,20150318,403.31,467.59
417,20150319,399.28,460.93
418,20150320,395.39,454.96
419,20150323,396.34,455.04
420,20150324,393.84,455.35
421,20150325,392.83,451.69
422,20150326,388.66,449.92
423,20150327,385.6,443.57
424,20150330,380.5,438.37
425,20150331,375.53,430.12
426,20150401,365.83,420.02
427,20150402,351.52,406.74
428,20150403,350.22,404.71
429,20150407,352.84,406.76
430,20150408,355.55,408.89
431,20150409,350.85,403.66
432,20150410,347.08,400.38
433,20150413,358.0,410.48
434,20150414,365.37,417.14
435,20150415,364.2,415.48
436,20150416,366.73,417.56
437,20150417,364.96,416.86
438,20150420,365.02,417.07
439,20150421,368.33,419.97
440,20150422,374.72,426.04
441,20150423,380.01,430.46
442,20150424,390.11,441.82
443,20150427,406.95,458.39
444,20150428,405.72,458.23
445,20150429,402.77,454.29
446,20150430,401.99,450.21
447,20150504,405.1,454.57
448,20150505,415.64,465.6
449,20150506,423.01,473.47
450,20150507,421.16,470.95
451,20150508,420.83,470.66
452,20150511,433.27,477.95
453,20150512,435.88,478.93
454,20150513,431.73,475.12
455,20150514,435.58,478.55
456,20150515,434.26,476.78
457,20150518,430.01,471.73
458,20150519,422.27,466.24
459,20150520,418.9,462.81
460,20150521,420.51,463.86
461,20150522,421.7,465.53
462,20150525,427.68,471.01
463,20150526,433.56,479.7
464,20150527,436.37,480.68
465,20150528,435.04,478.28
466,20150529,433.3,478.08
467,20150601,440.94,483.7
468,20150602,442.02,484.44
469,20150603,442.97,484.49
470,20150604,449.52,490.56
471,20150605,450.64,491.86
472,20150608,451.9,493.58
473,20150609,450.45,492.58
474,20150610,457.38,502.5
475,20150611,462.56,504.92
476,20150612,461.95,504.18
477,20150615,460.28,503.5
478,20150616,455.53,499.16
479,20150617,446.36,491.1
480,20150618,443.41,488.39
481,20150619,443.75,489.06
482,20150623,441.65,485.31
483,20150624,448.55,492.47
484,20150625,446.88,490.04
485,20150626,443.56,487.05
486,20150629,439.25,481.31
487,20150630,436.12,476.9
488,20150701,433.68,472.97
489,20150702,431.64,470.42
490,20150703,422.07,463.13
491,20150706,413.62,457.26
492,20150707,399.98,440.63
493,20150708,382.35,418.78
494,20150709,378.62,419.42
495,20150710,378.71,422.1
496,20150713,382.99,426.14
497,20150714,386.64,427.84
498,20150715,386.63,428.03
499,20150716,383.63,424.09
500,20150717,384.34,424.59
501,20150720,394.32,433.17
502,20150721,400.83,438.1
503,20150722,392.8,429.29
504,20150723,393.13,429.93
505,20150724,392.35,429.93
506,20150727,397.58,435.14
507,20150728,402.48,438.29
508,20150729,412.19,448.32
509,20150730,416.09,450.17
510,20150731,415.94,449.81
511,20150803,417.72,452.48
512,20150804,421.79,456.33
513,20150805,430.48,464.37
514,20150806,430.99,464.95
515,20150807,426.32,459.18
516,20150810,424.99,457.23
517,20150811,426.2,458.62
518,20150812,428.95,460.84
519,20150813,435.83,468.82
520,20150814,436.3,469.22
521,20150817,432.07,465.55
522,20150818,432.07,464.37
523,20150819,430.3,461.78
524,20150820,429.83,461.29
525,20150821,431.05,462.64
526,20150824,419.09,451.89
527,20150825,416.93,448.42
528,20150826,416.01,447.22
529,20150827,417.91,449.86
530,20150828,427.18,461.06
531,20150831,427.4,461.98
532,20150901,426.96,459.98
533,20150907,428.02,460.52
534,20150908,431.35,463.43
535,20150909,437.2,470.78
536,20150910,442.58,477.36
537,20150911,449.42,482.96
538,20150914,443.44,477.33
539,20150915,438.72,472.87
540,20150916,438.1,472.2
541,20150917,437.76,471.7
542,20150918,435.27,468.28
543,20150921,436.78,470.29
544,20150922,435.47,468.84
545,20150923,431.14,464.62
546,20150924,434.02,468.22
547,20150925,434.61,469.66
548,20150928,428.31,461.91
549,20150929,424.35,459.51
550,20150930,424.31,461.06
551,20151008,424.72,462.85
552,20151009,433.79,471.79
553,20151012,427.75,465.66
554,20151013,419.4,458.19
555,20151014,417.39,456.35
556,20151015,412.27,450.82
557,20151016,408.03,445.1
558,20151019,409.25,446.96
559,20151020,407.88,444.69
560,20151021,403.36,439.23
561,20151022,402.42,437.77
562,20151023,400.57,434.34
563,20151026,395.86,429.68
564,20151027,394.77,427.67
565,20151028,390.81,422.06
566,20151029,386.64,415.54
567,20151030,386.01,414.89
568,20151102,384.0,412.21
569,20151103,374.26,402.48
570,20151104,369.45,396.79
571,20151105,367.21,393.92
572,20151106,362.3,388.81
573,20151109,362.51,389.08
574,20151110,363.65,389.6
575,20151111,360.63,386.73
576,20151112,361.86,387.98
577,20151113,362.35,388.06
578,20151116,359.68,384.51
579,20151117,354.44,378.47
580,20151118,350.03,372.83
581,20151119,347.9,369.74
582,20151120,344.47,366.35
583,20151123,345.21,366.78
584,20151124,340.11,364.46
585,20151125,336.57,361.33
586,20151126,337.32,361.73
587,20151127,333.95,359.32
588,20151130,328.48,352.03
589,20151201,325.44,347.51
590,20151202,318.14,338.11
591,20151203,315.1,335.02
592,20151204,310.34,331.78
593,20151207,307.77,328.43
594,20151208,304.89,324.92
595,20151209,304.86,324.99
596,20151210,301.91,322.25
597,20151211,300.08,319.71
598,20151214,301.02,321.17
599,20151215,301.5,321.85
600,20151216,300.6,320.73
601,20151217,302.28,321.37
602,20151218,305.82,326.29
603,20151221,311.98,332.26
604,20151222,312.39,333.41
605,20151223,312.24,333.03
606,20151224,313.3,334.81
607,20151225,313.5,334.98
608,20151228,316.83,337.88
609,20151229,322.71,342.91
610,20151230,328.81,351.06
611,20151231,332.69,355.18
612,20160104,335.13,358.33
613,20160105,333.19,357.77
614,20160106,331.08,355.78
615,20160107,328.56,354.54
616,20160108,324.86,348.91
617,20160111,323.29,346.01
618,20160112,320.31,343.34
619,20160113,320.89,343.49
620,20160114,320.61,343.9
621,20160115,320.81,344.51
622,20160118,327.07,352.28
623,20160119,331.85,357.07
624,20160120,328.48,353.22
625,20160121,323.63,349.37
626,20160122,324.16,349.77
627,20160125,322.78,348.18
628,20160126,323.31,349.78
629,20160127,322.92,350.13
630,20160128,322.84,350.11
631,20160129,324.22,353.3
632,20160201,324.37,353.85
633,20160202,325.71,354.41
634,20160203,329.33,358.97
635,20160204,331.63,365.57
636,20160205,334.25,366.03
637,20160215,334.53,366.01
638,20160216,339.19,370.76
639,20160217,342.49,374.05
640,20160218,343.11,375.99
641,20160219,346.73,380.69
642,20160222,362.19,396.52
643,20160223,369.67,404.19
644,20160224,368.42,401.33
645,20160225,365.27,398.91
646,20160226,357.86,388.81
647,20160229,359.45,393.78
648,20160301,365.84,403.2
649,20160302,374.78,412.25
650,20160303,374.91,412.43
651,20160304,381.31,419.92
652,20160307,474.29,507.46
653,20160308,485.19,526.5
654,20160309,463.41,507.72
655,20160310,449.99,489.61
656,20160311,440.97,478.16
657,20160314,432.97,472.65
658,20160315,419.19,458.31
659,20160316,408.82,446.92
660,20160317,415.63,455.12
661,20160318,430.5,469.66
662,20160321,435.62,476.04
663,20160322,433.81,474.41
664,20160323,428.36,467.19
665,20160324,415.55,455.19
666,20160325,411.19,446.61
667,20160328,405.87,441.06
668,20160329,405.23,440.36
669,20160330,404.08,438.13
670,20160331,399.8,437.41
671,20160401,400.48,440.88
672,20160405,403.12,441.98
673,20160406,399.36,439.6
674,20160407,400.29,441.86
675,20160408,396.41,440.63
676,20160411,408.76,451.98
677,20160412,427.15,469.92
678,20160413,441.01,482.63
679,20160414,438.43,480.22
680,20160415,430.29,471.64
681,20160418,440.51,486.16
682,20160419,450.8,492.38
683,20160420,466.24,515.0
684,20160421,502.58,550.02
685,20160422,510.8,563.47
686,20160425,500.3,548.4
687,20160426,482.15,526.95
688,20160427,470.39,513.03
689,20160428,468.64,515.17
690,20160429,490.86,541.48
691,20160503,471.02,519.33
692,20160504,459.44,508.93
693,20160505,448.6,496.37
694,20160506,447.98,496.26
695,20160509,428.06,475.51
696,20160510,420.52,460.61
697,20160511,423.97,466.64
698,20160512,414.61,459.83
699,20160513,407.84,449.46
700,20160516,404.46,447.26
701,20160517,412.71,460.37
702,20160518,412.4,458.8
703,20160519,409.03,456.26
704,20160520,399.28,450.68
705,20160523,384.02,434.83
706,20160524,371.64,416.42
707,20160525,358.65,407.38
708,20160526,342.79,401.47
709,20160527,345.31,404.84
710,20160530,346.18,405.17
711,20160531,339.19,400.17
712,20160601,331.99,391.97
713,20160602,330.16,389.17
714,20160603,333.45,392.0
715,20160606,343.73,404.91
716,20160607,347.84,410.5
717,20160608,350.96,411.31
718,20160612,350.96,411.31
719,20160613,354.44,416.12
720,20160614,344.68,402.75
721,20160615,345.47,404.43
722,20160616,347.02,406.3
723,20160617,350.04,410.37
724,20160620,347.87,407.48
725,20160621,348.51,408.56
726,20160622,353.68,414.34
727,20160623,358.57,420.29
728,20160624,358.07,419.16
729,20160627,378.06,435.13
730,20160628,379.68,437.55
731,20160629,378.0,436.25
732,20160630,388.11,445.17
733,20160701,387.78,445.4
734,20160704,396.24,454.52
735,20160705,403.73,460.04
736,20160706,397.43,454.61
737,20160707,396.98,453.18
738,20160708,399.88,455.47
739,20160711,400.53,457.45
740,20160712,411.78,473.25
741,20160713,421.51,480.51
742,20160714,424.82,484.91
743,20160715,422.44,482.97
744,20160718,400.3,462.77
745,20160719,394.75,455.49
746,20160720,398.63,459.66
747,20160721,406.39,469.24
748,20160722,401.56,464.68
749,20160725,403.75,468.63
750,20160726,406.85,471.63
751,20160727,418.55,482.88
752,20160728,426.21,491.93
753,20160729,422.09,488.01
754,20160801,437.44,503.24
755,20160802,428.4,500.03
756,20160803,427.11,498.84
757,20160804,422.17,492.86
758,20160805,426.5,499.52
759,20160808,436.35,506.53
760,20160809,435.7,506.25
761,20160810,430.88,501.37
762,20160811,421.36,492.77
763,20160812,420.61,491.78
764,20160815,418.27,489.67
765,20160816,427.81,494.23
766,20160817,422.37,489.52
767,20160818,421.58,489.54
768,20160819,423.3,493.47
769,20160822,424.89,494.28
770,20160823,426.8,496.2
771,20160824,428.73,498.63
772,20160825,423.25,489.31
773,20160826,417.13,483.47
774,20160829,412.36,477.82
775,20160830,410.01,475.78
776,20160831,405.99,472.77
777,20160901,406.35,472.79
778,20160902,408.05,475.47
779,20160905,408.1,475.74
780,20160906,415.3,481.22
781,20160907,406.55,471.28
782,20160908,406.23,470.84
783,20160909,406.23,472.61
784,20160912,399.85,466.22
785,20160913,395.65,462.85
786,20160914,395.32,460.67
787,20160919,391.1,458.21
788,20160920,392.88,459.88
789,20160921,393.23,460.46
790,20160922,401.51,467.56
791,20160923,401.52,468.56
792,20160926,401.9,469.06
793,20160927,399.87,466.95
794,20160928,406.17,471.88
795,20160929,403.58,470.66
796,20160930,399.78,466.47
797,20161010,405.75,473.69
798,20161011,414.25,481.62
799,20161012,419.56,486.32
800,20161013,423.38,489.9
801,20161014,425.49,492.54
802,20161017,428.52,494.84
803,20161018,429.86,496.11
804,20161019,430.62,497.62
805,20161020,433.76,501.88
806,20161021,431.76,500.92
807,20161024,435.74,503.46
808,20161025,444.36,514.0
809,20161026,448.36,515.84
810,20161027,449.62,518.58
811,20161028,455.26,526.63
812,20161031,456.28,528.72
813,20161101,460.04,535.04
814,20161102,455.81,530.85
815,20161103,459.71,535.03
816,20161104,460.43,535.74
817,20161107,471.84,550.35
818,20161108,475.18,556.17
819,20161109,495.46,583.52
820,20161110,511.0,611.99
821,20161111,535.34,641.05
822,20161114,551.34,657.1
823,20161115,529.1,628.14
824,20161116,503.84,604.58
825,20161117,507.91,608.22
826,20161118,501.88,607.76
827,20161121,501.78,607.23
828,20161122,516.64,620.43
829,20161123,546.02,650.64
830,20161124,559.79,669.67
831,20161125,572.0,680.99
832,20161128,580.93,693.62
833,20161129,558.02,674.53
834,20161130,533.14,643.44
835,20161201,555.13,670.56
836,20161202,559.82,675.4
837,20161205,571.21,683.83
838,20161206,571.85,684.95
839,20161207,583.03,694.29
840,20161208,584.1,695.2
841,20161209,570.31,685.04
842,20161212,598.5,713.16
843,20161213,599.39,715.31
844,20161214,581.04,693.95
845,20161215,588.2,698.0
846,20161216,575.0,690.42
847,20161219,558.91,672.67
848,20161220,567.76,683.53
849,20161221,567.12,684.6
850,20161222,562.38,676.29
851,20161223,558.43,675.61
852,20161226,557.75,670.63
853,20161227,558.74,672.53
854,20161228,568.11,679.65
855,20161229,573.91,682.03
856,20161230,567.62,675.76
857,20170103,553.7,665.45
858,20170104,555.38,667.12
859,20170105,554.87,667.78
860,20170106,549.86,663.88
861,20170109,554.88,672.35
862,20170110,567.95,681.9
863,20170111,568.04,682.66
864,20170112,572.1,687.29
865,20170113,572.54,687.01
866,20170116,592.48,705.79
867,20170117,587.45,697.74
868,20170118,584.0,696.43
869,20170119,584.15,696.24
870,20170120,572.37,682.78
871,20170123,571.75,682.22
872,20170124,584.33,696.88
873,20170125,581.68,693.5
874,20170126,587.99,700.54
875,20170203,570.14,680.5
876,20170206,562.99,668.77
877,20170207,571.75,681.92
878,20170208,591.56,701.44
879,20170209,594.36,706.45
880,20170210,607.78,720.28
881,20170213,636.26,751.44
882,20170214,649.28,762.24
883,20170215,641.32,754.47
884,20170216,642.15,754.99
885,20170217,643.75,756.36
886,20170220,652.69,771.01
887,20170221,663.63,783.42
888,20170222,661.79,778.12
889,20170223,652.93,769.37
890,20170224,648.55,762.83
891,20170227,657.38,770.91
892,20170228,647.83,760.26
893,20170301,648.74,759.18
894,20170302,648.2,756.96
895,20170303,640.05,746.6
896,20170306,636.4,742.38
897,20170307,631.23,735.62
898,20170308,626.84,729.4
899,20170309,618.14,722.34
900,20170310,617.39,721.09
901,20170313,621.12,730.67
902,20170314,626.23,735.18
903,20170315,642.24,750.66
904,20170316,647.35,754.15
905,20170317,642.42,749.66
906,20170320,640.73,746.25
907,20170321,621.94,729.2
908,20170322,612.25,712.79
909,20170323,608.04,715.96
910,20170324,602.07,709.4
911,20170327,585.16,687.94
912,20170328,568.56,680.22
913,20170329,571.36,681.89
914,20170330,567.46,677.26
915,20170331,562.74,672.71
916,20170405,568.24,676.25
917,20170406,565.51,673.96
918,20170407,542.75,651.79
919,20170410,525.7,636.65
920,20170411,516.97,630.31
921,20170412,503.39,614.03
922,20170413,471.84,578.97
923,20170414,470.31,577.13
924,20170417,454.62,557.74
925,20170418,423.49,524.94
926,20170419,418.15,522.07
927,20170420,422.22,527.84
928,20170421,438.77,548.56
929,20170424,441.28,548.85
930,20170425,438.59,546.44
931,20170426,438.94,547.66
932,20170427,442.42,552.15
933,20170428,448.45,560.85
934,20170502,455.85,580.43
935,20170503,454.57,571.61
936,20170504,424.44,537.61
937,20170505,402.94,505.48
938,20170508,412.3,510.87
939,20170509,406.92,508.29
940,20170510,411.93,513.49
941,20170511,405.6,501.99
942,20170512,395.59,491.67
943,20170515,405.1,494.01
944,20170516,411.67,500.62
945,20170517,417.68,515.95
946,20170518,416.93,515.48
947,20170519,421.9,520.27
948,20170522,431.1,527.3
949,20170523,426.05,521.65
950,20170524,408.95,503.31
951,20170525,402.05,494.25
952,20170526,393.73,491.37
953,20170531,377.03,473.04
954,20170601,376.83,472.07
955,20170602,381.36,472.51
956,20170605,384.16,478.54
957,20170606,378.54,473.66
958,20170607,374.21,469.7
959,20170608,368.79,465.81
960,20170609,368.56,464.88
961,20170612,372.49,469.6
962,20170613,363.16,458.8
963,20170614,367.31,462.17
964,20170615,364.67,462.1
965,20170616,366.98,463.29
966,20170619,370.64,468.81
967,20170620,371.85,469.69
968,20170621,371.11,468.63
969,20170622,371.0,470.4
970,20170623,373.59,471.75
971,20170626,377.78,474.25
972,20170627,390.22,487.33
973,20170628,399.35,496.84
974,20170629,411.96,509.13
975,20170630,412.21,511.22
976,20170703,419.48,518.72
977,20170704,410.47,510.7
978,20170705,411.95,512.33
979,20170706,410.36,509.54
980,20170707,414.78,514.72
981,20170710,423.38,523.58
982,20170711,430.37,530.01
983,20170712,434.57,533.71
984,20170713,433.75,533.11
985,20170714,428.89,527.8
986,20170717,438.74,541.04
987,20170718,451.13,556.78
988,20170719,468.63,573.29
989,20170720,468.08,570.11
990,20170721,461.47,565.43
991,20170724,456.1,561.64
992,20170725,462.52,568.61
993,20170726,468.62,573.91
994,20170727,468.57,571.76
995,20170728,473.74,575.84
996,20170731,489.36,595.19
997,20170801,500.34,611.42
998,20170802,495.47,605.36
999,20170803,498.01,608.62
1000,20170804,500.67,618.79
1001,20170807,524.12,648.4
1002,20170808,518.85,641.51
1003,20170809,521.74,643.58
1004,20170810,524.54,646.31
1005,20170811,512.0,632.15
1006,20170814,502.13,622.52
1007,20170815,501.49,617.66
1008,20170816,498.9,615.47
1009,20170817,515.59,642.83
1010,20170818,521.28,652.33
1011,20170821,534.35,663.93
1012,20170822,538.55,664.41
1013,20170823,525.36,648.65
1014,20170824,524.8,645.28
1015,20170825,527.48,647.78
1016,20170828,517.54,637.35
1017,20170829,511.24,629.02
1018,20170830,512.32,630.34
1019,20170831,519.72,643.58
1020,20170901,528.34,648.31
1021,20170904,519.98,638.63
1022,20170905,522.25,640.25
1023,20170906,511.33,629.38
1024,20170907,502.63,621.91
1025,20170908,495.39,614.05
1026,20170911,491.66,612.04
1027,20170912,502.15,621.23
1028,20170913,494.39,614.42
1029,20170914,483.17,603.86
1030,20170918,469.86,590.56
1031,20170919,468.98,589.82
1032,20170920,462.17,585.3
1033,20170921,451.01,570.52
1034,20170922,438.48,558.6
1035,20170925,425.68,546.99
1036,20170926,425.21,547.24
1037,20170927,426.16,547.99
1038,20170928,413.82,534.53
1039,20170929,414.05,533.37
1040,20171009,409.02,527.18
1041,20171010,404.86,520.61
1042,20171011,399.16,515.51
1043,20171012,398.8,513.96
1044,20171013,403.83,519.68
1045,20171016,411.64,524.49
1046,20171017,408.01,522.03
1047,20171018,405.42,516.61
1048,20171019,400.13,506.66
1049,20171020,411.45,513.29
1050,20171023,414.88,515.3
1051,20171024,418.32,520.65
1052,20171025,417.92,520.27
1053,20171026,406.09,516.32
1054,20171027,394.33,502.56
1055,20171030,391.59,495.93
1056,20171031,393.57,496.76
1057,20171101,395.06,497.41
1058,20171102,399.35,501.84
1059,20171103,402.21,504.5
1060,20171106,411.58,514.92
1061,20171107,417.23,520.26
1062,20171108,416.14,518.19
1063,20171109,411.87,513.8
1064,20171110,413.57,513.96
1065,20171113,416.11,516.15
1066,20171114,417.13,517.22
1067,20171115,405.64,505.99
1068,20171116,405.97,505.13
1069,20171117,407.8,507.05
1070,20171120,411.8,510.94
1071,20171121,418.02,518.52
1072,20171122,424.66,523.27
1073,20171123,430.31,534.48
1074,20171124,437.22,541.54
1075,20171127,432.0,538.75
1076,20171128,432.14,538.38
1077,20171129,437.56,542.58
1078,20171130,445.93,553.53
1079,20171201,450.4,557.67
1080,20171204,472.73,581.66
1081,20171205,469.5,577.82
1082,20171206,461.34,566.3
1083,20171207,443.89,545.98
1084,20171208,442.41,545.7
1085,20171211,443.4,545.76
1086,20171212,445.25,549.28
1087,20171213,448.24,550.48
1088,20171214,442.03,543.27
1089,20171215,447.1,547.48
1090,20171218,467.45,570.13
1091,20171219,469.15,571.35
1092,20171220,467.72,568.96
1093,20171221,469.94,570.74
1094,20171222,477.01,580.41
1095,20171225,465.08,569.26
1096,20171226,463.17,566.16
1097,20171227,458.68,560.0
1098,20171228,459.71,560.73
1099,20171229,467.92,569.23
1100,20180102,478.61,581.79
1101,20180103,477.17,579.69
1102,20180104,481.94,584.08
1103,20180105,482.06,584.1
1104,20180108,487.95,588.94
1105,20180109,495.1,598.44
1106,20180110,494.66,600.45
1107,20180111,492.14,598.24
1108,20180112,484.02,587.84
1109,20180115,481.08,582.91
1110,20180116,478.47,578.09
1111,20180117,472.58,576.99
1112,20180118,472.9,577.39
1113,20180119,479.55,582.86
1114,20180122,481.36,584.1
1115,20180123,469.1,569.97
1116,20180124,465.83,566.55
1117,20180125,472.18,572.28
1118,20180126,463.86,566.18
1119,20180129,459.59,563.39
1120,20180130,458.59,562.55
1121,20180131,457.63,560.89
1122,20180201,455.81,559.77
1123,20180202,457.26,561.59
1124,20180205,467.28,572.25
1125,20180206,468.17,572.28
1126,20180207,469.44,574.4
1127,20180208,470.82,575.57
1128,20180209,468.47,573.89
1129,20180212,468.3,573.5
1130,20180222,473.47,579.97
1131,20180223,481.65,589.36
1132,20180226,487.48,595.81
1133,20180227,485.55,591.94
1134,20180228,482.77,589.73
1135,20180301,484.64,591.12
1136,20180302,483.78,588.97
1137,20180305,475.99,581.69
1138,20180306,470.7,575.58
1139,20180307,468.22,571.43
1140,20180308,457.36,561.64
1141,20180309,444.14,542.19
1142,20180312,436.2,533.24
1143,20180313,432.02,529.0
1144,20180314,448.59,540.88
1145,20180315,454.75,543.08
1146,20180316,450.58,538.69
1147,20180319,436.26,522.43
1148,20180320,432.24,520.8
1149,20180321,434.18,522.25
1150,20180322,437.22,524.37
1151,20180323,416.47,497.14
1152,20180326,412.73,491.0
1153,20180327,414.34,492.46
1154,20180328,411.23,486.52
1155,20180329,412.02,489.64
1156,20180330,413.88,490.92
1157,20180402,418.98,496.59
1158,20180403,413.55,493.57
1159,20180404,406.12,485.56
1160,20180409,404.76,483.79
1161,20180410,415.48,497.19
1162,20180411,419.21,496.58
1163,20180412,415.06,490.54
1164,20180413,416.95,494.32
1165,20180416,411.59,487.76
1166,20180417,412.28,488.07
1167,20180418,418.98,494.13
1168,20180419,435.44,511.81
1169,20180420,428.7,507.66
1170,20180423,440.27,522.28
1171,20180424,437.14,519.55
1172,20180425,424.86,512.39
1173,20180426,420.63,508.7
1174,20180427,414.13,504.98
1175,20180502,421.64,515.31
1176,20180503,425.73,517.34
1177,20180504,421.6,512.39
1178,20180507,418.43,511.51
1179,20180508,423.53,515.92
1180,20180509,417.9,510.37
1181,20180510,417.71,511.39
1182,20180511,426.36,517.23
1183,20180514,430.54,524.14
1184,20180515,428.56,521.96
1185,20180516,425.73,519.05
1186,20180517,425.44,518.81
1187,20180518,420.22,513.84
1188,20180521,413.44,503.84
1189,20180522,405.52,496.94
1190,20180523,403.48,494.18
